appointment_id,customer_id,store_id,appointment_date,appointment_type,status,channel,booked_days_ahead,estimated_wait_minutes
3001,418,506,2025-05-29,Install,Scheduled,InStore,20,44
3002,407,513,2025-05-09,Repair,Completed,Phone,21,75
3003,245,524,2025-01-24,Install,NoShow,Online,5,60
3004,163,509,2025-03-13,Inspection,Completed,Phone,17,74
3005,263,521,2025-12-16,Repair,Cancelled,InStore,10,41
3006,440,507,2025-06-14,Inspection,NoShow,Online,10,27
3007,431,516,2025-01-02,Install,Scheduled,Phone,19,32
3008,312,525,2025-10-12,Inspection,Scheduled,Phone,15,19
3009,376,515,2025-01-16,Install,NoShow,InStore,21,86
3010,284,525,2025-07-18,Install,Scheduled,InStore,5,57
3011,199,508,2025-08-16,Install,NoShow,Phone,0,55
3012,199,521,2025-02-16,Repair,Completed,Online,19,73
3013,286,516,2025-01-19,Rotation,Scheduled,Online,8,60
3014,157,517,2025-05-23,Inspection,Completed,Phone,18,34
3015,438,522,2025-10-17,Rotation,Scheduled,Phone,21,26
3016,134,519,2025-03-07,Rotation,NoShow,Online,8,12
3017,448,509,2025-09-30,Inspection,Scheduled,InStore,19,16
3018,266,509,2025-08-10,Install,Cancelled,InStore,13,56
3019,365,502,2025-01-23,Repair,Cancelled,Phone,7,67
3020,262,507,2025-01-03,Repair,Scheduled,Phone,12,13
3021,216,503,2025-12-20,Rotation,Completed,Online,13,52
3022,260,521,2025-02-02,Install,Scheduled,InStore,20,65
3023,113,511,2025-10-31,Repair,Completed,Online,20,70
3024,223,511,2025-06-24,Rotation,Scheduled,Phone,1,89
3025,325,515,2025-02-18,Install,Scheduled,Online,20,14
3026,294,505,2025-06-10,Install,Cancelled,Online,2,48
3027,413,503,2025-11-17,Install,Scheduled,Phone,13,16
3028,251,504,2025-07-15,Inspection,Completed,Phone,12,89
3029,106,515,2025-08-21,Inspection,Scheduled,InStore,12,13
3030,333,519,2025-09-22,Rotation,Scheduled,Online,10,11
3031,405,507,2025-02-04,Rotation,NoShow,InStore,18,63
3032,347,506,2025-11-14,Rotation,Completed,Online,14,17
3033,166,514,2025-06-09,Repair,NoShow,Phone,18,79
3034,175,510,2025-03-17,Repair,NoShow,InStore,15,11
3035,366,522,2025-10-28,Rotation,Scheduled,Online,21,74
3036,387,512,2025-01-28,Rotation,Completed,Phone,13,35
3037,136,522,2025-06-24,Inspection,Cancelled,Phone,6,52
3038,397,520,2025-10-17,Repair,Cancelled,InStore,10,30
3039,154,516,2025-08-21,Rotation,Scheduled,Phone,1,38
3040,218,507,2025-08-27,Rotation,Cancelled,Phone,19,52
3041,293,506,2025-04-16,Install,NoShow,Online,12,19
3042,284,504,2025-01-16,Rotation,NoShow,InStore,17,34
3043,424,502,2025-10-27,Install,Completed,Online,11,46
3044,190,524,2025-04-23,Rotation,NoShow,Phone,8,41
3045,192,506,2025-04-11,Repair,Scheduled,Online,0,27
3046,295,511,2025-12-02,Rotation,NoShow,InStore,3,40
3047,290,506,2025-07-10,Inspection,Scheduled,Online,21,28
3048,167,518,2025-04-08,Inspection,NoShow,InStore,6,86
3049,320,502,2025-11-22,Rotation,NoShow,Online,7,51
3050,227,509,2025-01-28,Rotation,Cancelled,Online,20,20
3051,341,503,2025-12-06,Rotation,Cancelled,Phone,19,75
3052,292,515,2025-09-13,Rotation,NoShow,Phone,16,57
3053,370,523,2025-12-22,Inspection,Cancelled,InStore,15,84
3054,306,521,2025-11-23,Install,Completed,Online,18,35
3055,332,507,2025-05-01,Repair,Cancelled,InStore,12,83
3056,181,518,2025-07-11,Install,Completed,Online,8,47
3057,328,508,2025-09-23,Install,Cancelled,Phone,11,89
3058,273,515,2025-08-07,Inspection,Cancelled,InStore,14,73
3059,263,501,2025-05-20,Rotation,Cancelled,Online,12,43
3060,431,503,2025-02-08,Repair,Scheduled,InStore,11,39
3061,151,512,2025-03-02,Install,Completed,InStore,2,35
3062,446,510,2025-06-18,Repair,Completed,Phone,8,87
3063,171,501,2025-10-06,Repair,NoShow,InStore,8,61
3064,308,501,2025-10-24,Inspection,Completed,InStore,20,39
3065,217,508,2025-04-18,Inspection,Cancelled,InStore,15,20
3066,261,525,2025-04-07,Inspection,Completed,InStore,13,67
3067,386,505,2025-01-16,Rotation,NoShow,Phone,11,11
3068,356,511,2025-12-04,Rotation,Cancelled,InStore,11,61
3069,376,519,2025-06-03,Install,Scheduled,Online,10,29
3070,270,520,2025-10-18,Inspection,Cancelled,Online,20,60
3071,133,507,2025-10-01,Inspection,Scheduled,InStore,12,82
3072,332,503,2025-11-24,Rotation,Scheduled,Phone,9,80
3073,191,516,2025-01-17,Install,Completed,Online,19,18
3074,298,508,2025-05-26,Repair,Scheduled,InStore,6,17
3075,289,506,2025-09-23,Repair,Cancelled,InStore,0,30
3076,157,514,2025-03-08,Inspection,Scheduled,InStore,17,36
3077,167,514,2025-04-16,Inspection,Completed,Phone,9,83
3078,259,517,2025-10-28,Inspection,NoShow,Online,6,10
3079,174,513,2025-08-17,Rotation,NoShow,Phone,2,72
3080,336,502,2025-08-25,Install,NoShow,Phone,18,68
3081,278,513,2025-12-25,Rotation,Cancelled,Online,9,32
3082,417,513,2025-08-10,Rotation,Scheduled,InStore,14,15
3083,223,521,2025-03-22,Repair,Scheduled,Phone,8,37
3084,353,504,2025-07-30,Repair,Scheduled,Online,17,74
3085,267,506,2025-07-29,Repair,Completed,Phone,14,15
3086,337,521,2025-01-14,Inspection,Cancelled,InStore,2,61
3087,200,501,2025-07-23,Repair,Scheduled,Phone,1,27
3088,268,516,2025-12-10,Inspection,Scheduled,Online,14,80
3089,437,505,2025-05-05,Inspection,NoShow,Online,14,31
3090,110,506,2025-11-07,Repair,Scheduled,Phone,3,60
3091,187,525,2025-02-09,Install,NoShow,Online,21,66
3092,284,523,2025-04-02,Install,Completed,InStore,6,16
3093,426,522,2025-09-25,Install,Cancelled,Phone,20,49
3094,328,501,2025-01-27,Install,Cancelled,Online,19,41
3095,292,503,2025-05-03,Install,Cancelled,Online,6,11
3096,273,522,2025-04-09,Install,Completed,Online,21,31
3097,186,517,2025-01-23,Install,NoShow,InStore,13,81
3098,421,507,2025-04-08,Inspection,Cancelled,Online,19,39
3099,210,511,2025-02-24,Rotation,Scheduled,InStore,11,50
3100,107,515,2025-07-19,Rotation,Scheduled,Phone,6,45
3101,433,502,2025-11-16,Install,Completed,InStore,11,48
3102,407,523,2025-09-13,Rotation,NoShow,Online,3,86
3103,267,522,2025-11-20,Rotation,NoShow,Online,12,50
3104,442,511,2025-09-04,Install,Cancelled,InStore,2,75
3105,428,519,2025-04-30,Install,Completed,Online,16,88
3106,164,524,2025-06-08,Inspection,Completed,Phone,7,20
3107,131,516,2025-03-12,Repair,Completed,Online,11,58
3108,205,508,2025-11-25,Inspection,NoShow,Online,1,45
3109,263,517,2025-11-26,Inspection,NoShow,Online,1,39
3110,270,507,2025-06-25,Install,Completed,Phone,7,38
3111,412,511,2025-07-15,Rotation,Cancelled,Phone,16,10
3112,134,507,2025-09-09,Install,Completed,Online,2,26
3113,147,518,2025-03-30,Rotation,Completed,Phone,18,20
3114,319,506,2025-08-28,Rotation,Completed,InStore,9,32
3115,411,510,2025-05-08,Inspection,Completed,InStore,9,71
3116,141,513,2025-07-04,Rotation,Cancelled,InStore,12,64
3117,359,525,2025-11-09,Rotation,Cancelled,Online,13,58
3118,319,520,2025-02-12,Rotation,Completed,InStore,9,58
3119,338,510,2025-06-06,Inspection,Cancelled,Online,14,52
3120,170,505,2025-08-29,Rotation,Scheduled,Online,6,74
3121,292,514,2025-09-09,Inspection,NoShow,InStore,12,72
3122,258,503,2025-11-25,Inspection,Scheduled,Online,18,59
3123,390,525,2025-03-25,Inspection,NoShow,Phone,6,54
3124,361,521,2025-12-30,Repair,Scheduled,Phone,15,59
3125,318,516,2025-05-07,Install,NoShow,Phone,7,13
3126,441,509,2025-11-27,Inspection,Completed,InStore,4,41
3127,409,506,2025-10-24,Install,Scheduled,Online,21,59
3128,304,503,2025-12-28,Rotation,Cancelled,Online,18,64
3129,230,517,2025-12-21,Inspection,NoShow,Phone,9,62
3130,146,519,2025-02-25,Repair,Completed,InStore,20,36
3131,304,501,2025-12-24,Rotation,Cancelled,Online,9,22
3132,136,517,2025-12-23,Inspection,NoShow,Phone,13,65
3133,188,506,2025-04-01,Rotation,Completed,InStore,11,33
3134,358,519,2025-02-26,Rotation,Completed,Online,14,17
3135,194,514,2025-04-09,Inspection,Scheduled,Phone,8,31
3136,141,513,2025-05-31,Install,NoShow,Online,2,53
3137,116,516,2025-10-27,Inspection,Scheduled,Online,7,17
3138,237,519,2025-01-04,Install,Scheduled,Online,21,76
3139,104,517,2025-07-12,Repair,Cancelled,InStore,19,53
3140,410,512,2025-08-08,Repair,NoShow,Online,10,56
3141,441,520,2025-07-24,Install,NoShow,InStore,12,22
3142,102,524,2025-08-22,Rotation,Scheduled,Phone,12,25
3143,372,512,2025-05-24,Inspection,Cancelled,Phone,7,62
3144,439,521,2025-04-07,Repair,Scheduled,Phone,0,56
3145,124,515,2025-06-16,Rotation,Cancelled,InStore,21,88
3146,142,516,2025-06-28,Install,Cancelled,InStore,13,87
3147,200,517,2025-12-31,Install,Completed,InStore,4,21
3148,255,515,2025-12-11,Rotation,Cancelled,Online,17,71
3149,440,508,2025-10-04,Rotation,Completed,Phone,7,21
3150,155,506,2025-08-11,Repair,Cancelled,InStore,0,38
3151,232,522,2025-12-07,Install,Completed,Phone,15,72
3152,147,508,2025-12-21,Install,NoShow,InStore,10,58
3153,435,514,2025-11-25,Rotation,Completed,InStore,17,24
3154,249,503,2025-02-14,Repair,Completed,Phone,3,24
3155,394,511,2025-07-08,Inspection,Scheduled,InStore,4,17
3156,403,513,2025-10-02,Inspection,NoShow,InStore,6,26
3157,367,519,2025-12-06,Rotation,Scheduled,InStore,19,11
3158,376,505,2025-08-24,Repair,Completed,InStore,10,68
3159,176,505,2025-11-04,Install,NoShow,InStore,9,74
3160,164,516,2025-05-21,Rotation,Cancelled,InStore,18,58
3161,131,523,2025-06-20,Rotation,Completed,Phone,4,16
3162,192,510,2025-09-07,Rotation,Scheduled,Phone,12,60
3163,273,516,2025-08-05,Repair,Cancelled,InStore,21,19
3164,371,523,2025-05-25,Rotation,Cancelled,Online,9,26
3165,266,523,2025-10-25,Repair,Cancelled,Phone,1,30
3166,396,523,2025-03-12,Inspection,NoShow,Online,14,36
3167,212,501,2025-04-11,Repair,Scheduled,Phone,20,28
3168,293,506,2025-08-07,Install,Scheduled,InStore,21,70
3169,192,517,2025-01-27,Repair,Cancelled,Online,3,90
3170,307,504,2025-05-06,Rotation,Cancelled,InStore,1,48
3171,406,524,2025-03-30,Inspection,Scheduled,InStore,20,58
3172,241,515,2025-11-20,Repair,Scheduled,Online,20,24
3173,143,521,2025-03-04,Rotation,Scheduled,Phone,15,83
3174,394,523,2025-09-03,Install,Completed,InStore,8,71
3175,431,510,2025-12-26,Rotation,Scheduled,InStore,13,18
3176,376,523,2025-04-05,Install,Cancelled,Phone,12,78
3177,372,517,2025-09-08,Install,Completed,Phone,2,25
3178,193,501,2025-11-03,Inspection,NoShow,Online,5,15
3179,166,521,2025-10-22,Rotation,Scheduled,Phone,6,42
3180,118,517,2025-02-13,Repair,NoShow,Phone,3,31
3181,317,508,2025-12-03,Repair,Scheduled,Phone,0,47
3182,438,505,2025-10-01,Inspection,NoShow,Phone,14,55
3183,411,507,2025-10-03,Install,Scheduled,Online,16,14
3184,197,507,2025-03-14,Rotation,Completed,Phone,9,55
3185,243,514,2025-03-07,Install,NoShow,InStore,19,58
3186,433,515,2025-03-25,Install,NoShow,Phone,12,64
3187,174,503,2025-10-02,Repair,Completed,Phone,6,57
3188,389,517,2025-12-03,Rotation,Cancelled,Online,20,50
3189,323,520,2025-07-14,Rotation,Scheduled,InStore,0,25
3190,373,518,2025-02-26,Inspection,Scheduled,InStore,21,21
3191,286,505,2025-06-20,Rotation,NoShow,Online,8,22
3192,294,504,2025-04-24,Install,Completed,Phone,12,49
3193,402,517,2025-09-08,Repair,NoShow,Phone,3,44
3194,412,506,2025-02-20,Repair,Cancelled,Online,1,54
3195,448,520,2025-09-30,Inspection,Cancelled,Phone,17,26
3196,233,517,2025-01-05,Rotation,Completed,Online,21,58
3197,391,524,2025-05-17,Repair,Completed,Phone,1,87
3198,315,506,2025-12-28,Inspection,NoShow,InStore,14,74
3199,247,517,2025-05-22,Rotation,NoShow,Phone,13,21
3200,257,503,2025-07-28,Install,Scheduled,Phone,10,40
3201,148,502,2025-03-26,Install,NoShow,Phone,18,73
3202,106,517,2025-08-06,Rotation,Cancelled,InStore,21,75
3203,447,513,2025-09-30,Install,Completed,Phone,3,10
3204,318,524,2025-12-26,Repair,Completed,Phone,17,77
3205,412,515,2025-01-22,Rotation,Completed,Online,19,19
3206,288,512,2025-03-10,Install,Cancelled,InStore,16,58
3207,188,511,2025-07-11,Rotation,Scheduled,InStore,3,48
3208,348,507,2025-05-31,Install,Cancelled,Online,8,49
3209,430,515,2025-09-21,Inspection,Scheduled,InStore,1,10
3210,416,510,2025-08-24,Repair,Scheduled,Online,10,54
3211,196,501,2025-07-25,Install,Cancelled,InStore,11,35
3212,144,505,2025-09-28,Inspection,Scheduled,InStore,16,10
3213,180,508,2025-12-03,Inspection,Cancelled,InStore,8,48
3214,287,518,2025-08-08,Repair,Scheduled,InStore,5,66
3215,183,524,2025-03-13,Inspection,Scheduled,InStore,11,35
3216,157,502,2025-04-08,Rotation,Cancelled,InStore,9,52
3217,117,507,2025-03-24,Inspection,NoShow,Online,21,63
3218,351,522,2025-10-09,Rotation,NoShow,InStore,15,74
3219,300,504,2025-03-09,Install,Completed,Online,3,54
3220,357,508,2025-01-07,Install,NoShow,InStore,21,86
3221,105,510,2025-08-11,Repair,Cancelled,Online,15,64
3222,227,524,2025-11-13,Rotation,Completed,InStore,4,24
3223,235,522,2025-12-25,Inspection,Completed,InStore,7,23
3224,358,507,2025-11-09,Rotation,Completed,Online,5,26
3225,306,507,2025-01-20,Rotation,Cancelled,Online,8,88
3226,203,513,2025-02-16,Inspection,NoShow,Phone,1,39
3227,214,516,2025-06-22,Install,Cancelled,Phone,13,16
3228,256,512,2025-02-26,Repair,NoShow,Phone,8,63
3229,227,506,2025-06-13,Install,Scheduled,Online,1,51
3230,209,509,2025-05-27,Install,Cancelled,Online,15,42
3231,352,510,2025-07-06,Install,Scheduled,Phone,10,11
3232,450,511,2025-10-10,Repair,NoShow,Phone,4,85
3233,371,508,2025-11-06,Repair,Completed,Phone,11,59
3234,145,521,2025-02-24,Install,Scheduled,Phone,4,34
3235,199,504,2025-12-27,Install,NoShow,InStore,14,70
3236,204,502,2025-10-01,Rotation,Completed,InStore,4,80
3237,230,512,2025-10-14,Inspection,Scheduled,InStore,11,18
3238,348,517,2025-08-03,Install,Completed,Phone,16,45
3239,167,519,2025-05-29,Install,Completed,Phone,1,60
3240,354,517,2025-12-17,Install,Completed,InStore,17,75
3241,297,513,2025-10-15,Repair,Completed,Online,12,10
3242,182,519,2025-10-20,Install,Cancelled,Phone,6,77
3243,233,510,2025-06-05,Repair,Scheduled,Online,7,38
3244,124,510,2025-10-01,Install,Completed,InStore,7,27
3245,239,508,2025-01-27,Rotation,Scheduled,Online,20,54
3246,424,511,2025-11-06,Install,NoShow,Phone,11,27
3247,310,511,2025-11-10,Install,Scheduled,InStore,9,38
3248,244,501,2025-04-01,Install,Cancelled,Phone,8,42
3249,421,518,2025-11-21,Rotation,Cancelled,Online,19,51
3250,238,521,2025-04-15,Inspection,Completed,InStore,18,39
3251,323,516,2025-07-08,Install,Cancelled,Online,4,68
3252,195,519,2025-04-01,Inspection,Completed,Phone,6,46
3253,111,506,2025-06-08,Inspection,Completed,Online,5,28
3254,137,515,2025-08-07,Inspection,Scheduled,Phone,7,77
3255,171,504,2025-01-07,Inspection,Cancelled,Online,19,24
3256,107,505,2025-11-26,Rotation,Scheduled,InStore,1,28
3257,422,501,2025-11-04,Install,NoShow,Phone,0,20
3258,204,525,2025-03-13,Inspection,Completed,InStore,15,52
3259,346,502,2025-03-21,Repair,Scheduled,Online,7,15
3260,153,504,2025-10-06,Inspection,Completed,Online,9,38
3261,113,513,2025-04-27,Rotation,NoShow,Phone,13,46
3262,216,522,2025-12-17,Install,Cancelled,Online,12,24
3263,215,512,2025-02-22,Install,NoShow,Online,9,56
3264,144,505,2025-01-23,Rotation,Cancelled,Phone,19,52
3265,408,514,2025-04-03,Rotation,NoShow,Phone,21,46
3266,279,516,2025-02-23,Repair,NoShow,Phone,8,19
3267,102,505,2025-03-18,Repair,Completed,InStore,20,67
3268,345,519,2025-02-04,Inspection,NoShow,Online,3,21
3269,266,525,2025-03-07,Inspection,NoShow,InStore,5,73
3270,318,520,2025-09-04,Repair,Completed,Phone,13,41
3271,297,516,2025-08-03,Inspection,Completed,InStore,17,20
3272,398,519,2025-08-04,Rotation,Scheduled,Online,16,56
3273,102,512,2025-04-15,Inspection,Completed,Online,0,17
3274,279,510,2025-07-04,Inspection,Completed,Phone,4,63
3275,225,502,2025-04-18,Rotation,Scheduled,Phone,7,28
3276,294,512,2025-01-14,Install,Scheduled,Phone,13,84
3277,138,506,2025-09-02,Install,Completed,InStore,19,28
3278,141,501,2025-05-06,Inspection,Completed,Online,2,70
3279,172,516,2025-09-28,Inspection,NoShow,InStore,9,11
3280,247,502,2025-02-26,Install,Completed,Phone,4,30
3281,106,522,2025-07-22,Inspection,NoShow,Phone,13,74
3282,257,514,2025-12-30,Rotation,NoShow,Online,7,76
3283,294,513,2025-03-06,Install,Completed,InStore,6,33
3284,387,523,2025-11-06,Inspection,Cancelled,InStore,2,61
3285,295,512,2025-03-26,Inspection,Completed,InStore,1,23
3286,154,520,2025-02-09,Repair,Scheduled,Online,11,46
3287,184,503,2025-10-05,Rotation,Scheduled,InStore,3,34
3288,383,502,2025-04-14,Rotation,NoShow,Online,20,82
3289,390,516,2025-01-23,Install,Scheduled,InStore,18,21
3290,259,525,2025-01-05,Repair,Cancelled,Phone,11,34
3291,262,505,2025-07-20,Install,NoShow,InStore,11,74
3292,152,501,2025-09-15,Inspection,Cancelled,Phone,4,14
3293,249,522,2025-03-24,Inspection,Scheduled,Phone,4,21
3294,219,521,2025-04-21,Rotation,Completed,Phone,21,76
3295,412,525,2025-11-30,Repair,Cancelled,Online,16,53
3296,249,514,2025-07-04,Install,Cancelled,Online,19,36
3297,413,505,2025-11-07,Inspection,Scheduled,Online,2,28
3298,259,516,2025-10-08,Install,Cancelled,InStore,2,31
3299,252,509,2025-03-24,Repair,NoShow,Online,2,19
3300,192,509,2025-12-30,Inspection,NoShow,InStore,14,27
3301,164,502,2025-10-19,Repair,NoShow,InStore,15,62
3302,418,515,2025-12-15,Repair,NoShow,InStore,4,20
3303,450,515,2025-07-31,Repair,Scheduled,Phone,16,17
3304,226,501,2025-12-25,Rotation,Scheduled,InStore,17,58
3305,182,503,2025-10-19,Rotation,Cancelled,InStore,12,21
3306,279,521,2025-08-27,Inspection,Scheduled,Online,14,33
3307,156,507,2025-07-23,Inspection,NoShow,Online,13,50
3308,276,507,2025-11-06,Inspection,Scheduled,InStore,15,68
3309,120,516,2025-10-07,Rotation,Completed,InStore,4,82
3310,117,502,2025-11-04,Repair,Cancelled,InStore,12,37
3311,128,525,2025-04-19,Inspection,NoShow,InStore,0,32
3312,143,509,2025-03-14,Inspection,Scheduled,InStore,2,67
3313,315,522,2025-09-26,Repair,Completed,Online,6,21
3314,320,506,2025-06-25,Rotation,NoShow,InStore,9,71
3315,344,523,2025-10-02,Inspection,NoShow,Phone,5,83
3316,300,520,2025-01-06,Rotation,Scheduled,Phone,17,84
3317,416,522,2025-03-16,Repair,Scheduled,Online,10,68
3318,176,504,2025-09-13,Inspection,NoShow,Phone,10,10
3319,331,515,2025-03-06,Install,Scheduled,Online,20,34
3320,316,525,2025-12-23,Rotation,Cancelled,Online,17,54
3321,208,519,2025-04-08,Install,NoShow,InStore,21,12
3322,255,504,2025-06-07,Inspection,Cancelled,InStore,16,62
3323,281,514,2025-06-30,Repair,Scheduled,Online,17,68
3324,320,518,2025-07-11,Rotation,Cancelled,InStore,5,46
3325,438,514,2025-12-19,Repair,Scheduled,Online,21,23
3326,146,520,2025-11-29,Inspection,Scheduled,InStore,0,89
3327,379,515,2025-02-21,Install,NoShow,InStore,20,37
3328,215,513,2025-08-21,Install,Completed,InStore,17,25
3329,280,521,2025-08-26,Inspection,Scheduled,InStore,13,38
3330,360,522,2025-05-26,Repair,NoShow,InStore,8,40
3331,103,501,2025-08-01,Install,Completed,InStore,1,76
3332,408,506,2025-06-12,Inspection,Completed,Phone,10,60
3333,199,513,2025-11-12,Install,Cancelled,Online,20,59
3334,189,517,2025-07-26,Rotation,Cancelled,Online,10,22
3335,165,521,2025-09-16,Inspection,NoShow,Phone,3,30
3336,266,503,2025-04-15,Install,Cancelled,Online,2,90
3337,404,520,2025-03-20,Install,Cancelled,Online,0,26
3338,333,525,2025-11-21,Repair,Completed,Online,20,38
3339,253,508,2025-04-10,Inspection,NoShow,Phone,17,16
3340,241,521,2025-02-12,Install,Scheduled,Online,4,68
3341,406,505,2025-03-04,Repair,NoShow,Online,3,21
3342,140,507,2025-09-11,Inspection,Scheduled,InStore,11,12
3343,312,521,2025-02-07,Install,Completed,Phone,15,63
3344,293,515,2025-06-10,Rotation,Completed,InStore,20,11
3345,192,521,2025-12-04,Install,Scheduled,InStore,18,54
3346,348,518,2025-11-11,Install,Completed,Phone,19,42
3347,163,501,2025-04-09,Install,Completed,Online,19,56
3348,159,511,2025-04-22,Rotation,Completed,Online,0,26
3349,238,507,2025-05-21,Install,NoShow,Phone,15,80
3350,434,524,2025-05-31,Inspection,Cancelled,Phone,14,61
3351,199,507,2025-05-09,Repair,Cancelled,Online,5,84
3352,401,507,2025-06-09,Inspection,Cancelled,InStore,5,64
3353,406,520,2025-05-20,Install,Cancelled,InStore,10,35
3354,391,521,2025-06-30,Install,Cancelled,Online,11,14
3355,362,514,2025-05-10,Repair,NoShow,InStore,18,13
3356,159,514,2025-04-03,Rotation,NoShow,Online,10,19
3357,211,512,2025-12-03,Rotation,NoShow,Online,11,11
3358,264,523,2025-12-19,Repair,Completed,InStore,0,82
3359,265,503,2025-04-30,Inspection,NoShow,Phone,17,37
3360,370,518,2025-04-22,Repair,Scheduled,Phone,3,63
3361,450,511,2025-08-11,Rotation,Completed,Online,10,73
3362,356,514,2025-01-24,Install,Scheduled,InStore,8,31
3363,408,513,2025-06-17,Rotation,Scheduled,InStore,18,12
3364,430,515,2025-10-22,Repair,Completed,InStore,0,14
3365,374,511,2025-09-28,Install,Scheduled,InStore,1,22
3366,313,511,2025-06-04,Repair,Cancelled,Online,8,81
3367,261,502,2025-09-10,Inspection,NoShow,Phone,19,68
3368,353,512,2025-11-25,Install,Scheduled,Online,3,16
3369,106,511,2025-03-13,Inspection,Completed,Online,3,21
3370,198,501,2025-07-08,Install,NoShow,Online,17,24
3371,125,509,2025-06-05,Repair,Cancelled,InStore,2,31
3372,171,504,2025-10-26,Rotation,NoShow,Online,14,84
3373,312,522,2025-11-23,Install,Completed,Phone,14,71
3374,439,511,2025-09-08,Inspection,Completed,Online,8,43
3375,252,512,2025-12-31,Rotation,Completed,Phone,2,19
3376,139,507,2025-09-11,Install,Completed,InStore,1,59
3377,197,511,2025-09-07,Rotation,NoShow,InStore,3,68
3378,436,504,2025-03-20,Rotation,Completed,InStore,16,59
3379,332,507,2025-11-14,Inspection,Completed,Online,16,45
3380,317,510,2025-03-26,Install,Completed,InStore,21,23
3381,157,515,2025-05-04,Rotation,NoShow,Online,0,70
3382,439,512,2025-09-29,Repair,Scheduled,Phone,14,20
3383,282,505,2025-08-09,Inspection,Cancelled,Phone,6,52
3384,128,512,2025-08-14,Install,Scheduled,Phone,8,58
3385,317,507,2025-04-10,Inspection,Completed,Phone,9,45
3386,372,517,2025-11-08,Inspection,Scheduled,Phone,15,16
3387,431,508,2025-05-08,Install,Scheduled,Online,3,83
3388,237,518,2025-05-03,Install,NoShow,Online,2,89
3389,308,504,2025-07-20,Rotation,NoShow,InStore,12,36
3390,188,521,2025-04-15,Repair,NoShow,Phone,11,10
3391,149,523,2025-04-05,Inspection,NoShow,Phone,16,40
3392,188,503,2025-06-11,Rotation,Completed,InStore,21,68
3393,173,516,2025-01-07,Inspection,NoShow,Online,21,32
3394,236,522,2025-02-09,Install,NoShow,InStore,5,84
3395,101,516,2025-09-08,Install,Scheduled,Online,7,82
3396,449,517,2025-05-29,Rotation,Completed,Online,7,22
3397,256,516,2025-06-21,Repair,NoShow,Phone,14,72
3398,230,501,2025-07-06,Repair,NoShow,Phone,14,52
3399,366,516,2025-12-06,Install,NoShow,Phone,19,76
3400,428,514,2025-01-11,Rotation,Completed,InStore,4,73
3401,116,524,2025-05-06,Inspection,NoShow,Online,18,21
3402,200,504,2025-07-13,Repair,Cancelled,Phone,20,32
3403,236,511,2025-12-14,Inspection,Cancelled,InStore,11,49
3404,198,517,2025-01-22,Repair,Scheduled,InStore,18,68
3405,391,504,2025-06-27,Install,Cancelled,Phone,9,28
3406,339,517,2025-12-15,Repair,Completed,InStore,4,72
3407,248,501,2025-02-03,Inspection,Scheduled,Online,9,46
3408,404,516,2025-03-05,Repair,Scheduled,InStore,1,55
3409,439,509,2025-01-01,Rotation,NoShow,InStore,1,74
3410,441,503,2025-10-15,Repair,Completed,Phone,4,35
3411,322,510,2025-10-27,Rotation,Scheduled,InStore,2,55
3412,228,513,2025-12-14,Inspection,Cancelled,Online,20,43
3413,255,506,2025-11-02,Inspection,NoShow,Phone,9,27
3414,450,505,2025-04-13,Inspection,Completed,InStore,8,49
3415,144,521,2025-06-02,Inspection,Completed,InStore,18,65
3416,150,515,2025-03-12,Repair,NoShow,InStore,16,55
3417,319,514,2025-08-27,Inspection,Scheduled,Phone,13,13
3418,316,520,2025-02-15,Repair,Completed,Phone,4,75
3419,292,518,2025-03-07,Repair,Scheduled,InStore,19,26
3420,307,515,2025-12-10,Inspection,Scheduled,Online,0,17
3421,239,511,2025-11-29,Install,NoShow,Phone,3,71
3422,270,524,2025-02-01,Install,Completed,Phone,3,28
3423,388,508,2025-09-11,Rotation,NoShow,Phone,4,49
3424,104,523,2025-09-06,Rotation,Scheduled,Online,19,10
3425,179,517,2025-11-06,Install,Completed,Online,3,23
3426,343,515,2025-01-13,Inspection,Scheduled,Online,16,48
3427,308,508,2025-09-05,Repair,Cancelled,Phone,5,88
3428,164,521,2025-08-10,Install,Completed,Online,4,40
3429,188,507,2025-09-19,Inspection,Cancelled,InStore,17,47
3430,442,516,2025-02-21,Repair,NoShow,InStore,18,59
3431,155,514,2025-08-26,Rotation,Scheduled,InStore,13,68
3432,162,501,2025-10-16,Repair,Scheduled,Phone,12,89
3433,328,505,2025-01-22,Inspection,Cancelled,InStore,11,11
3434,182,517,2025-07-03,Rotation,NoShow,Phone,16,77
3435,300,506,2025-09-20,Rotation,NoShow,Phone,2,82
3436,274,509,2025-08-24,Repair,Cancelled,Online,4,71
3437,293,522,2025-08-30,Rotation,NoShow,Online,19,51
3438,402,519,2025-10-25,Inspection,Scheduled,Online,11,13
3439,182,522,2025-04-29,Install,Cancelled,Phone,3,70
3440,266,504,2025-04-29,Rotation,Cancelled,InStore,7,18
3441,132,504,2025-11-10,Install,Scheduled,InStore,8,57
3442,411,506,2025-11-20,Repair,Scheduled,Phone,0,67
3443,294,519,2025-03-10,Rotation,Completed,InStore,20,72
3444,325,508,2025-12-14,Rotation,Completed,InStore,9,77
3445,199,501,2025-02-14,Install,Completed,Online,18,27
3446,103,519,2025-07-04,Install,NoShow,Online,13,77
3447,355,519,2025-04-08,Inspection,NoShow,InStore,6,89
3448,387,515,2025-03-12,Inspection,Cancelled,Online,2,82
3449,141,510,2025-03-07,Install,Scheduled,InStore,16,39
3450,127,511,2025-11-04,Install,Completed,InStore,17,42
3451,300,503,2025-12-27,Rotation,NoShow,Online,11,78
3452,395,520,2025-05-04,Repair,Cancelled,Phone,16,17
3453,380,519,2025-12-24,Inspection,NoShow,Phone,3,13
3454,117,509,2025-06-23,Rotation,NoShow,Online,13,27
3455,205,525,2025-10-08,Install,Completed,InStore,10,19
3456,389,512,2025-11-09,Install,Cancelled,Phone,1,88
3457,142,505,2025-10-10,Repair,Scheduled,Online,15,14
3458,355,521,2025-09-17,Repair,Cancelled,InStore,7,48
3459,217,501,2025-01-11,Rotation,Cancelled,Phone,1,12
3460,383,513,2025-09-04,Inspection,Completed,InStore,1,64
3461,382,515,2025-03-12,Install,NoShow,InStore,3,34
3462,276,508,2025-08-12,Rotation,Scheduled,Phone,1,11
3463,217,519,2025-07-31,Install,Scheduled,Phone,17,41
3464,130,505,2025-02-09,Inspection,Completed,InStore,1,15
3465,261,521,2025-06-29,Rotation,NoShow,Online,19,87
3466,304,504,2025-09-03,Install,Scheduled,InStore,21,79
3467,206,508,2025-09-11,Inspection,NoShow,InStore,11,80
3468,250,517,2025-12-01,Repair,NoShow,Phone,7,79
3469,358,512,2025-02-23,Inspection,Cancelled,InStore,1,20
3470,205,508,2025-03-12,Repair,Completed,Online,16,57
3471,173,523,2025-01-19,Inspection,Cancelled,Online,7,12
3472,356,509,2025-01-18,Inspection,NoShow,Online,8,17
3473,243,516,2025-11-09,Install,Cancelled,InStore,12,66
3474,123,513,2025-04-25,Rotation,Cancelled,Phone,6,16
3475,439,518,2025-06-06,Repair,Scheduled,Phone,1,53
3476,235,525,2025-10-30,Install,NoShow,Phone,6,89
3477,323,504,2025-08-07,Inspection,NoShow,Phone,1,69
3478,318,525,2025-10-21,Repair,Completed,InStore,18,69
3479,222,509,2025-03-09,Repair,Scheduled,Online,0,79
3480,252,513,2025-06-22,Install,NoShow,InStore,18,44
3481,438,525,2025-05-09,Install,Scheduled,InStore,20,82
3482,439,506,2025-06-14,Inspection,Cancelled,Online,8,66
3483,105,512,2025-08-27,Inspection,Completed,InStore,1,17
3484,397,520,2025-02-10,Repair,Scheduled,InStore,8,33
3485,233,516,2025-05-22,Rotation,Completed,Phone,8,32
3486,176,502,2025-11-13,Rotation,Scheduled,Phone,20,14
3487,195,515,2025-12-17,Repair,Scheduled,Phone,16,39
3488,132,501,2025-05-13,Repair,Scheduled,Phone,8,40
3489,280,517,2025-02-25,Inspection,Scheduled,Phone,2,19
3490,222,519,2025-04-15,Repair,Cancelled,Online,10,64
3491,245,511,2025-03-15,Repair,NoShow,InStore,0,57
3492,341,501,2025-05-31,Rotation,NoShow,Online,19,47
3493,177,504,2025-10-30,Rotation,NoShow,Phone,0,75
3494,398,507,2025-12-31,Inspection,Scheduled,Phone,11,29
3495,296,503,2025-11-29,Rotation,Cancelled,Phone,2,25
3496,371,516,2025-01-27,Inspection,NoShow,InStore,19,34
3497,395,511,2025-05-31,Rotation,NoShow,Online,7,68
3498,262,515,2025-03-01,Inspection,NoShow,Online,7,55
3499,387,512,2025-09-16,Inspection,Completed,InStore,2,63
3500,218,518,2025-10-19,Rotation,Cancelled,Phone,4,84
3501,441,509,2025-03-12,Repair,NoShow,InStore,19,25
3502,142,517,2025-07-29,Rotation,Cancelled,Phone,13,35
3503,193,506,2025-08-21,Install,Cancelled,InStore,0,80
3504,341,502,2025-02-21,Inspection,Scheduled,Phone,4,31
3505,138,517,2025-03-09,Inspection,Cancelled,InStore,16,26
3506,306,508,2025-12-23,Repair,Scheduled,InStore,17,53
3507,403,504,2025-11-08,Install,Scheduled,Phone,19,55
3508,330,515,2025-07-29,Inspection,NoShow,InStore,20,27
3509,194,503,2025-10-29,Rotation,Scheduled,Phone,16,85
3510,290,515,2025-12-12,Inspection,NoShow,InStore,20,32
3511,361,525,2025-10-29,Install,Completed,InStore,8,73
3512,275,517,2025-01-25,Inspection,NoShow,InStore,18,59
3513,264,502,2025-04-02,Rotation,Cancelled,Phone,4,45
3514,395,504,2025-11-12,Repair,NoShow,Online,10,25
3515,248,515,2025-05-21,Rotation,Completed,InStore,15,43
3516,411,522,2025-02-24,Repair,Completed,Online,7,36
3517,383,501,2025-09-18,Install,Completed,Online,5,72
3518,114,510,2025-07-09,Inspection,Cancelled,Phone,6,26
3519,333,523,2025-06-01,Install,Cancelled,InStore,3,73
3520,235,509,2025-02-14,Install,NoShow,Online,4,38
3521,139,517,2025-06-17,Repair,NoShow,InStore,5,90
3522,363,523,2025-12-11,Repair,Scheduled,InStore,2,22
3523,367,518,2025-06-12,Install,Scheduled,Online,6,27
3524,401,522,2025-07-12,Rotation,NoShow,InStore,7,29
3525,349,510,2025-04-06,Rotation,Completed,Phone,15,21
3526,365,514,2025-04-20,Install,Cancelled,Phone,0,88
3527,207,502,2025-12-30,Inspection,NoShow,Phone,5,58
3528,424,521,2025-10-26,Repair,Cancelled,Phone,7,33
3529,254,522,2025-04-29,Inspection,Cancelled,Phone,9,60
3530,407,516,2025-07-02,Repair,Scheduled,Online,17,24
3531,248,511,2025-08-03,Rotation,Cancelled,Online,14,32
3532,338,504,2025-06-13,Repair,Cancelled,Phone,21,26
3533,348,514,2025-09-08,Rotation,Scheduled,InStore,19,44
3534,360,502,2025-04-21,Repair,NoShow,Phone,13,50
3535,311,514,2025-07-20,Inspection,NoShow,Online,14,44
3536,349,521,2025-04-23,Install,NoShow,InStore,10,62
3537,214,518,2025-10-21,Rotation,Scheduled,Phone,5,88
3538,269,518,2025-03-08,Install,Scheduled,InStore,19,21
3539,271,503,2025-06-30,Install,Completed,InStore,17,78
3540,202,513,2025-03-22,Rotation,NoShow,Online,17,57
3541,270,518,2025-07-31,Rotation,Scheduled,Online,6,12
3542,370,513,2025-02-22,Inspection,Scheduled,Online,16,46
3543,255,521,2025-01-13,Rotation,Scheduled,InStore,7,25
3544,294,505,2025-12-02,Repair,Scheduled,Online,12,19
3545,359,501,2025-12-27,Install,Completed,Online,13,85
3546,301,510,2025-04-10,Repair,Cancelled,Phone,19,12
3547,255,507,2025-05-21,Install,NoShow,Phone,14,83
3548,342,514,2025-07-12,Install,Completed,InStore,9,81
3549,243,523,2025-09-05,Rotation,Cancelled,Online,9,73
3550,302,523,2025-07-10,Install,Cancelled,Online,17,83
3551,113,515,2025-07-23,Repair,Cancelled,Phone,7,23
3552,430,505,2025-06-09,Install,Scheduled,Phone,10,31
3553,207,508,2025-09-08,Install,Completed,InStore,18,88
3554,343,525,2025-09-25,Rotation,Scheduled,InStore,18,42
3555,311,505,2025-06-09,Install,NoShow,Phone,10,82
3556,407,509,2025-07-28,Rotation,Cancelled,Phone,0,73
3557,261,511,2025-11-30,Inspection,Cancelled,Phone,7,81
3558,142,523,2025-02-23,Install,Cancelled,Online,13,11
3559,183,506,2025-09-24,Rotation,Cancelled,Online,3,14
3560,318,521,2025-09-11,Inspection,Completed,Phone,5,80
3561,315,510,2025-07-24,Install,Cancelled,InStore,0,44
3562,368,512,2025-06-15,Rotation,Completed,InStore,19,76
3563,205,517,2025-11-11,Repair,Cancelled,InStore,11,36
3564,270,517,2025-03-11,Inspection,Scheduled,InStore,5,63
3565,192,503,2025-03-18,Install,NoShow,Phone,15,34
3566,203,518,2025-12-22,Inspection,NoShow,Online,3,17
3567,420,506,2025-08-28,Install,NoShow,Phone,19,81
3568,216,501,2025-06-26,Rotation,NoShow,InStore,20,64
3569,400,520,2025-06-06,Inspection,NoShow,Phone,11,79
3570,429,503,2025-12-04,Rotation,Scheduled,Phone,6,37
3571,244,519,2025-04-02,Install,Completed,Phone,8,85
3572,431,519,2025-07-16,Repair,Cancelled,Online,10,31
3573,102,503,2025-04-29,Rotation,Completed,Online,6,70
3574,101,502,2025-06-15,Rotation,Cancelled,InStore,2,70
3575,268,525,2025-06-04,Install,Completed,Phone,16,60
3576,294,512,2025-07-17,Repair,NoShow,Phone,15,20
3577,410,521,2025-04-20,Repair,Completed,InStore,5,81
3578,327,522,2025-09-08,Install,Cancelled,Phone,8,54
3579,192,515,2025-01-13,Repair,Cancelled,Online,11,88
3580,387,512,2025-04-08,Rotation,Scheduled,Online,12,66
3581,285,501,2025-09-27,Repair,NoShow,Online,6,57
3582,230,520,2025-09-15,Repair,Scheduled,Phone,0,45
3583,429,502,2025-09-03,Repair,NoShow,Phone,12,17
3584,393,520,2025-01-16,Inspection,Cancelled,Online,15,70
3585,432,502,2025-10-07,Repair,Scheduled,Phone,3,29
3586,191,514,2025-03-09,Install,Scheduled,InStore,2,17
3587,261,509,2025-02-19,Rotation,Scheduled,InStore,17,50
3588,187,517,2025-10-28,Install,Cancelled,InStore,11,17
3589,134,505,2025-04-09,Repair,Scheduled,Online,16,66
3590,123,507,2025-05-22,Inspection,Completed,Phone,19,10
3591,260,512,2025-05-21,Install,NoShow,InStore,17,82
3592,145,503,2025-10-17,Install,Scheduled,Online,14,21
3593,196,521,2025-06-12,Install,Completed,Online,18,37
3594,427,503,2025-07-11,Rotation,NoShow,Phone,14,34
3595,168,513,2025-06-08,Repair,Completed,InStore,1,27
3596,390,508,2025-06-11,Rotation,NoShow,Online,13,32
3597,252,509,2025-05-13,Install,Cancelled,InStore,14,84
3598,287,517,2025-06-28,Inspection,Completed,Online,20,84
3599,298,519,2025-03-21,Rotation,Cancelled,InStore,17,46
3600,207,518,2025-06-25,Repair,Scheduled,Phone,16,36
3601,233,509,2025-04-22,Install,Scheduled,Phone,14,90
3602,196,515,2025-09-01,Repair,NoShow,Phone,4,58
3603,438,511,2025-10-29,Install,NoShow,Online,1,30
3604,316,511,2025-09-01,Install,Completed,InStore,10,49
3605,184,506,2025-08-28,Install,Cancelled,Phone,17,68
3606,404,524,2025-10-22,Inspection,Cancelled,Online,13,42
3607,292,516,2025-11-04,Inspection,NoShow,Online,10,39
3608,360,514,2025-02-25,Repair,Cancelled,Phone,13,13
3609,184,510,2025-09-20,Rotation,Completed,Online,5,52
3610,128,525,2025-02-16,Rotation,NoShow,InStore,9,60
3611,185,522,2025-08-24,Rotation,Completed,Online,0,48
3612,258,508,2025-02-11,Rotation,Cancelled,Online,5,41
3613,179,525,2025-12-17,Repair,Scheduled,InStore,17,30
3614,277,518,2025-02-21,Inspection,Completed,InStore,15,58
3615,338,525,2025-12-28,Install,Cancelled,Online,7,50
3616,169,510,2025-07-24,Inspection,Cancelled,Phone,10,19
3617,278,524,2025-09-08,Install,Completed,Phone,21,32
3618,221,511,2025-07-08,Install,Cancelled,Online,11,39
3619,171,502,2025-09-13,Rotation,NoShow,InStore,6,21
3620,274,506,2025-07-16,Inspection,Completed,InStore,20,49
3621,299,502,2025-12-12,Repair,Cancelled,Online,15,30
3622,304,504,2025-12-16,Inspection,Scheduled,InStore,16,22
3623,436,506,2025-07-27,Repair,Completed,Phone,0,74
3624,297,501,2025-12-18,Inspection,Cancelled,InStore,14,16
3625,256,524,2025-08-06,Install,Cancelled,Phone,8,57
3626,343,518,2025-12-31,Repair,Scheduled,Online,10,64
3627,373,503,2025-07-16,Rotation,Scheduled,InStore,21,85
3628,233,520,2025-04-12,Inspection,Cancelled,Online,16,69
3629,245,516,2025-01-21,Inspection,NoShow,Online,3,86
3630,290,511,2025-05-10,Repair,Scheduled,Phone,13,44
3631,192,514,2025-05-31,Install,Cancelled,InStore,11,48
3632,426,504,2025-01-19,Repair,Scheduled,Phone,19,60
3633,228,518,2025-03-31,Install,Completed,Phone,2,28
3634,425,509,2025-09-10,Repair,Cancelled,Phone,13,89
3635,225,515,2025-09-26,Install,Scheduled,InStore,18,57
3636,120,524,2025-03-17,Install,Cancelled,Phone,19,20
3637,273,514,2025-11-23,Inspection,Scheduled,Online,9,42
3638,435,504,2025-02-10,Rotation,NoShow,InStore,13,88
3639,364,523,2025-10-04,Install,NoShow,Phone,7,70
3640,211,524,2025-08-12,Rotation,NoShow,Phone,8,15
3641,410,522,2025-07-24,Repair,NoShow,Online,5,62
3642,207,522,2025-01-10,Rotation,NoShow,InStore,13,69
3643,407,504,2025-11-22,Rotation,Completed,Online,10,51
3644,214,510,2025-02-02,Inspection,Cancelled,Phone,19,86
3645,269,516,2025-10-05,Install,NoShow,InStore,12,50
3646,278,515,2025-08-16,Inspection,Completed,Phone,4,31
3647,445,513,2025-07-19,Install,Scheduled,Phone,8,72
3648,388,507,2025-06-26,Repair,NoShow,InStore,2,50
3649,332,501,2025-12-12,Rotation,Completed,Phone,14,55
3650,390,525,2025-08-09,Install,NoShow,Phone,13,72
3651,221,505,2025-07-12,Inspection,Scheduled,Online,17,60
3652,212,519,2025-04-19,Repair,Completed,Online,3,61
3653,382,525,2025-07-29,Rotation,Cancelled,Phone,11,45
3654,264,504,2025-07-05,Repair,Cancelled,Online,20,61
3655,354,515,2025-08-26,Rotation,Completed,InStore,9,46
3656,102,525,2025-09-30,Inspection,Completed,Phone,10,22
3657,297,514,2025-10-25,Inspection,Cancelled,Online,20,13
3658,417,520,2025-04-25,Install,Cancelled,Online,4,51
3659,413,519,2025-05-08,Inspection,Scheduled,InStore,5,12
3660,408,518,2025-12-01,Rotation,Completed,InStore,12,57
3661,223,523,2025-03-31,Rotation,NoShow,Online,15,47
3662,134,519,2025-01-16,Inspection,Cancelled,Online,6,87
3663,328,515,2025-05-04,Install,NoShow,Online,5,41
3664,337,524,2025-02-05,Install,Cancelled,Phone,0,70
3665,298,509,2025-02-06,Install,Scheduled,InStore,13,71
3666,131,524,2025-05-30,Install,NoShow,InStore,12,75
3667,423,514,2025-11-29,Install,Scheduled,Online,14,43
3668,397,512,2025-02-27,Inspection,NoShow,Online,5,41
3669,348,504,2025-04-18,Repair,Scheduled,InStore,8,72
3670,226,510,2025-05-14,Inspection,NoShow,InStore,10,43
3671,391,502,2025-05-21,Rotation,Completed,Phone,19,46
3672,114,519,2025-04-24,Repair,NoShow,InStore,11,30
3673,391,516,2025-11-21,Inspection,NoShow,Online,9,26
3674,176,513,2025-11-08,Repair,Completed,Online,9,37
3675,399,519,2025-06-05,Install,NoShow,InStore,4,75
3676,365,520,2025-07-27,Rotation,NoShow,Phone,15,29
3677,401,517,2025-09-14,Repair,Cancelled,InStore,10,31
3678,369,516,2025-09-04,Inspection,Scheduled,Phone,5,18
3679,276,507,2025-04-26,Rotation,Completed,InStore,9,87
3680,162,512,2025-11-29,Inspection,Cancelled,Phone,6,11
3681,369,512,2025-04-27,Install,Cancelled,Phone,6,22
3682,269,509,2025-09-17,Install,Scheduled,InStore,2,82
3683,368,509,2025-05-07,Rotation,Completed,Online,7,68
3684,191,509,2025-01-21,Repair,Scheduled,Phone,19,34
3685,133,510,2025-03-09,Install,Completed,Online,16,41
3686,400,515,2025-10-25,Install,Scheduled,InStore,15,19
3687,201,515,2025-09-02,Install,Cancelled,Online,3,22
3688,378,520,2025-10-29,Inspection,NoShow,Phone,6,11
3689,398,524,2025-08-09,Inspection,Completed,Phone,3,88
3690,334,525,2025-01-01,Inspection,NoShow,InStore,8,90
3691,191,516,2025-06-18,Repair,NoShow,InStore,16,78
3692,228,522,2025-06-24,Repair,Cancelled,Online,8,33
3693,350,517,2025-01-04,Inspection,Cancelled,Online,10,32
3694,134,510,2025-08-10,Install,Cancelled,InStore,21,78
3695,194,525,2025-04-10,Rotation,Completed,InStore,3,74
3696,257,516,2025-06-13,Install,NoShow,Phone,16,36
3697,393,511,2025-12-11,Rotation,Completed,InStore,4,31
3698,181,506,2025-11-09,Repair,Cancelled,Phone,21,86
3699,314,509,2025-05-18,Inspection,NoShow,InStore,7,28
3700,257,524,2025-06-20,Repair,Cancelled,InStore,11,64
3701,389,501,2025-07-21,Inspection,Scheduled,InStore,13,55
3702,431,525,2025-03-13,Repair,Scheduled,Phone,14,35
3703,207,510,2025-12-05,Repair,Scheduled,InStore,8,64
3704,296,518,2025-06-16,Rotation,Completed,Phone,17,74
3705,326,503,2025-05-21,Rotation,Completed,InStore,3,71
3706,404,525,2025-08-29,Inspection,Cancelled,Online,1,45
3707,411,502,2025-10-28,Install,Scheduled,Phone,12,53
3708,242,515,2025-10-03,Repair,Scheduled,InStore,11,27
3709,138,505,2025-06-16,Rotation,NoShow,Phone,13,35
3710,388,508,2025-02-15,Repair,NoShow,Phone,14,77
3711,250,505,2025-12-20,Install,NoShow,InStore,0,67
3712,210,515,2025-04-05,Rotation,Cancelled,InStore,10,52
3713,202,509,2025-12-13,Install,Completed,Online,8,62
3714,319,502,2025-07-22,Install,NoShow,Online,15,82
3715,324,511,2025-01-17,Inspection,NoShow,Phone,16,52
3716,425,519,2025-02-04,Install,Scheduled,Phone,2,30
3717,363,515,2025-02-14,Rotation,Scheduled,Phone,18,65
3718,242,524,2025-08-27,Rotation,NoShow,Online,14,33
3719,432,515,2025-10-22,Inspection,Scheduled,InStore,10,83
3720,251,513,2025-01-04,Install,Scheduled,Online,19,51
3721,319,508,2025-03-19,Repair,Cancelled,Phone,8,35
3722,395,505,2025-07-01,Rotation,Completed,Online,18,49
3723,193,518,2025-02-21,Install,Completed,Phone,0,54
3724,136,508,2025-06-17,Rotation,Completed,InStore,10,30
3725,318,507,2025-05-19,Repair,Scheduled,Online,7,66
3726,164,515,2025-07-12,Rotation,Cancelled,Online,0,67
3727,325,507,2025-07-24,Inspection,Scheduled,Online,6,32
3728,360,504,2025-10-24,Rotation,Completed,Online,16,72
3729,410,514,2025-07-03,Rotation,Completed,Online,10,74
3730,285,517,2025-09-02,Install,Cancelled,Online,8,10
3731,295,504,2025-08-04,Repair,NoShow,InStore,12,18
3732,323,508,2025-11-30,Install,Cancelled,InStore,9,12
3733,241,502,2025-11-28,Rotation,Completed,Online,10,82
3734,105,505,2025-03-07,Rotation,Cancelled,Online,16,17
3735,406,510,2025-04-18,Repair,Cancelled,Online,21,63
3736,189,505,2025-03-31,Rotation,NoShow,Online,16,30
3737,116,510,2025-09-12,Inspection,NoShow,InStore,6,89
3738,265,511,2025-01-15,Install,Cancelled,Online,0,28
3739,309,513,2025-01-24,Rotation,Completed,Online,17,11
3740,279,514,2025-04-25,Install,Scheduled,InStore,2,69
3741,313,505,2025-10-02,Install,NoShow,InStore,14,70
3742,232,522,2025-03-07,Repair,Scheduled,InStore,10,73
3743,393,508,2025-04-11,Rotation,Completed,Online,4,20
3744,149,520,2025-07-26,Install,Completed,Online,9,42
3745,195,511,2025-12-04,Inspection,NoShow,Online,9,51
3746,317,505,2025-07-11,Install,Cancelled,Phone,21,16
3747,202,505,2025-04-04,Install,Completed,Online,0,60
3748,266,516,2025-01-06,Inspection,NoShow,Online,18,90
3749,396,507,2025-07-27,Inspection,NoShow,Phone,14,66
3750,161,525,2025-05-24,Repair,NoShow,Online,20,42
3751,275,515,2025-09-07,Install,NoShow,Phone,17,43
3752,133,521,2025-07-07,Install,Completed,Online,13,39
3753,335,518,2025-02-26,Repair,Completed,InStore,3,49
3754,332,503,2025-08-12,Rotation,Cancelled,Phone,17,34
3755,173,525,2025-12-15,Install,Completed,Phone,7,55
3756,370,519,2025-11-04,Install,NoShow,Phone,4,39
3757,372,506,2025-03-27,Install,Completed,Phone,11,89
3758,216,520,2025-03-19,Inspection,Completed,InStore,17,16
3759,306,517,2025-06-01,Inspection,Cancelled,InStore,12,51
3760,170,503,2025-06-03,Repair,NoShow,Online,0,88
3761,405,525,2025-02-04,Inspection,Completed,Online,1,71
3762,183,506,2025-05-05,Inspection,Cancelled,Phone,12,34
3763,228,508,2025-06-29,Repair,Completed,InStore,2,25
3764,400,507,2025-12-11,Inspection,Completed,Phone,4,45
3765,268,504,2025-01-06,Repair,Scheduled,Phone,20,86
3766,342,515,2025-04-29,Repair,Scheduled,Phone,21,88
3767,333,525,2025-03-20,Repair,NoShow,Online,2,58
3768,231,515,2025-02-27,Inspection,Completed,Phone,20,72
3769,250,504,2025-04-26,Install,NoShow,Online,16,73
3770,322,521,2025-08-04,Install,NoShow,Phone,1,45
3771,229,511,2025-11-24,Inspection,NoShow,InStore,16,20
3772,107,508,2025-02-21,Inspection,Completed,Phone,15,65
3773,441,525,2025-05-17,Inspection,Cancelled,Phone,3,76
3774,442,520,2025-07-15,Install,Scheduled,Phone,1,22
3775,161,519,2025-05-03,Inspection,Cancelled,Phone,11,15
3776,278,515,2025-11-28,Install,Cancelled,Phone,14,65
3777,443,519,2025-01-14,Rotation,Scheduled,Phone,6,52
3778,151,501,2025-05-30,Inspection,NoShow,InStore,13,54
3779,281,515,2025-05-08,Install,NoShow,InStore,8,43
3780,183,525,2025-04-18,Repair,Cancelled,InStore,17,32
3781,356,512,2025-02-15,Rotation,NoShow,InStore,10,22
3782,147,511,2025-11-24,Inspection,Completed,InStore,12,35
3783,236,512,2025-12-29,Repair,Cancelled,InStore,15,30
3784,187,504,2025-06-15,Rotation,NoShow,Phone,0,81
3785,252,506,2025-10-14,Inspection,Scheduled,Online,17,21
3786,147,522,2025-12-31,Inspection,NoShow,Online,19,53
3787,373,505,2025-07-01,Inspection,Scheduled,Phone,12,47
3788,415,511,2025-10-19,Rotation,Cancelled,Online,2,41
3789,381,509,2025-03-21,Install,Cancelled,Online,21,38
3790,226,521,2025-04-26,Rotation,Completed,Online,14,47
3791,225,516,2025-01-11,Inspection,Cancelled,Phone,19,80
3792,391,506,2025-04-09,Inspection,Cancelled,Phone,13,43
3793,287,512,2025-05-15,Repair,Completed,InStore,13,79
3794,283,511,2025-02-09,Rotation,Completed,Online,4,74
3795,344,504,2025-10-02,Rotation,NoShow,Phone,10,80
3796,215,519,2025-08-27,Install,Cancelled,Phone,8,66
3797,355,503,2025-10-30,Rotation,Scheduled,Phone,13,67
3798,387,512,2025-11-29,Inspection,Completed,Online,1,55
3799,134,509,2025-05-22,Install,Cancelled,InStore,18,27
3800,303,515,2025-04-21,Repair,NoShow,InStore,21,39
