movement_id,movement_date,store_id,product_id,movement_type,quantity,reason
6001,2025-04-22,519,10,Receipt,17,Receipt
6002,2025-10-05,523,5,Adjustment,-19,Adjustment
6003,2025-05-12,520,9,Return,3,Return
6004,2025-10-29,524,10,Adjustment,-2,Adjustment
6005,2025-01-08,510,10,Transfer,11,Transfer
6006,2025-08-02,525,7,Sale,-5,Sale
6007,2025-03-07,505,4,Transfer,7,Transfer
6008,2025-07-15,504,3,Return,9,Return
6009,2025-10-08,519,9,Receipt,6,Receipt
6010,2025-06-18,520,5,Receipt,4,Receipt
6011,2025-04-27,509,1,Return,11,Return
6012,2025-04-04,522,8,Receipt,3,Receipt
6013,2025-03-12,507,10,Adjustment,-6,Adjustment
6014,2025-09-12,510,3,Return,10,Return
6015,2025-07-23,523,8,Sale,-11,Sale
6016,2025-02-02,517,9,Return,16,Return
6017,2025-03-07,507,8,Return,5,Return
6018,2025-11-29,516,1,Return,18,Return
6019,2025-05-29,503,7,Transfer,18,Transfer
6020,2025-07-16,523,2,Return,2,Return
6021,2025-10-22,521,6,Sale,-9,Sale
6022,2025-08-28,524,10,Adjustment,-10,Adjustment
6023,2025-05-19,513,1,Return,18,Return
6024,2025-08-08,522,8,Transfer,17,Transfer
6025,2025-10-18,525,7,Return,9,Return
6026,2025-05-04,501,10,Sale,-18,Sale
6027,2025-04-14,513,2,Adjustment,-5,Adjustment
6028,2025-01-31,519,3,Receipt,18,Receipt
6029,2025-07-16,513,3,Adjustment,-3,Adjustment
6030,2025-08-03,511,6,Receipt,4,Receipt
6031,2025-12-17,517,7,Transfer,15,Transfer
6032,2025-09-13,522,9,Transfer,11,Transfer
6033,2025-06-17,525,6,Adjustment,-11,Adjustment
6034,2025-02-21,506,5,Adjustment,-12,Adjustment
6035,2025-05-21,501,1,Adjustment,-14,Adjustment
6036,2025-09-26,515,6,Receipt,13,Receipt
6037,2025-09-29,505,5,Return,14,Return
6038,2025-02-06,514,7,Receipt,12,Receipt
6039,2025-06-16,504,3,Transfer,9,Transfer
6040,2025-06-04,509,2,Sale,-9,Sale
6041,2025-11-10,516,5,Return,19,Return
6042,2025-04-14,507,9,Receipt,5,Receipt
6043,2025-08-07,501,9,Adjustment,-18,Adjustment
6044,2025-08-29,502,2,Sale,-11,Sale
6045,2025-05-06,514,4,Adjustment,-1,Adjustment
6046,2025-06-02,509,3,Receipt,20,Receipt
6047,2025-11-26,514,1,Sale,-17,Sale
6048,2025-12-22,511,1,Sale,-2,Sale
6049,2025-10-01,508,1,Return,20,Return
6050,2025-02-05,507,5,Return,9,Return
6051,2025-10-26,525,7,Return,1,Return
6052,2025-09-01,520,8,Receipt,20,Receipt
6053,2025-03-11,509,6,Return,16,Return
6054,2025-05-18,504,4,Sale,-18,Sale
6055,2025-11-09,509,9,Transfer,13,Transfer
6056,2025-06-12,502,8,Receipt,10,Receipt
6057,2025-07-13,525,8,Sale,-12,Sale
6058,2025-01-08,519,6,Transfer,17,Transfer
6059,2025-10-21,509,1,Adjustment,-8,Adjustment
6060,2025-11-18,525,9,Transfer,19,Transfer
6061,2025-12-03,514,1,Receipt,5,Receipt
6062,2025-05-09,509,3,Sale,-20,Sale
6063,2025-02-16,512,9,Receipt,8,Receipt
6064,2025-06-20,517,5,Return,5,Return
6065,2025-08-28,507,5,Return,1,Return
6066,2025-04-27,504,10,Sale,-2,Sale
6067,2025-08-30,510,9,Adjustment,-15,Adjustment
6068,2025-07-05,520,6,Adjustment,-15,Adjustment
6069,2025-02-04,517,7,Receipt,10,Receipt
6070,2025-03-23,507,1,Transfer,17,Transfer
6071,2025-03-08,520,6,Return,17,Return
6072,2025-12-23,517,5,Return,13,Return
6073,2025-08-04,506,4,Receipt,19,Receipt
6074,2025-08-08,501,6,Sale,-6,Sale
6075,2025-11-15,525,5,Return,13,Return
6076,2025-08-04,516,5,Sale,-15,Sale
6077,2025-02-20,515,4,Return,7,Return
6078,2025-07-26,506,10,Receipt,13,Receipt
6079,2025-07-10,503,9,Sale,-3,Sale
6080,2025-10-04,517,3,Receipt,15,Receipt
6081,2025-07-15,512,6,Transfer,5,Transfer
6082,2025-08-01,520,9,Return,10,Return
6083,2025-08-04,505,4,Return,1,Return
6084,2025-03-15,508,8,Sale,-15,Sale
6085,2025-11-16,517,10,Receipt,15,Receipt
6086,2025-03-29,508,8,Receipt,5,Receipt
6087,2025-01-19,523,7,Return,2,Return
6088,2025-10-05,521,8,Transfer,9,Transfer
6089,2025-05-24,515,8,Receipt,18,Receipt
6090,2025-12-27,509,2,Return,11,Return
6091,2025-09-12,511,6,Adjustment,-14,Adjustment
6092,2025-09-26,503,9,Sale,-19,Sale
6093,2025-12-17,502,8,Return,20,Return
6094,2025-09-21,503,6,Sale,-15,Sale
6095,2025-06-14,516,10,Return,3,Return
6096,2025-10-25,510,6,Receipt,18,Receipt
6097,2025-12-31,521,7,Return,20,Return
6098,2025-10-09,507,9,Sale,-13,Sale
6099,2025-09-20,515,7,Transfer,18,Transfer
6100,2025-01-12,505,1,Sale,-17,Sale
6101,2025-02-10,505,4,Adjustment,-13,Adjustment
6102,2025-12-15,504,3,Return,13,Return
6103,2025-01-15,521,6,Receipt,20,Receipt
6104,2025-10-07,504,3,Receipt,18,Receipt
6105,2025-09-25,521,7,Return,18,Return
6106,2025-03-10,501,8,Receipt,17,Receipt
6107,2025-07-18,523,10,Receipt,13,Receipt
6108,2025-01-25,515,10,Receipt,4,Receipt
6109,2025-09-04,525,3,Sale,-8,Sale
6110,2025-03-15,513,9,Return,18,Return
6111,2025-04-25,509,9,Return,8,Return
6112,2025-11-08,515,1,Adjustment,-10,Adjustment
6113,2025-01-23,514,8,Sale,-11,Sale
6114,2025-09-19,520,7,Transfer,15,Transfer
6115,2025-04-08,511,6,Return,8,Return
6116,2025-09-07,515,4,Adjustment,-1,Adjustment
6117,2025-12-03,507,2,Receipt,6,Receipt
6118,2025-06-24,521,1,Transfer,11,Transfer
6119,2025-12-13,502,6,Transfer,15,Transfer
6120,2025-09-26,516,10,Sale,-3,Sale
6121,2025-09-22,509,5,Return,8,Return
6122,2025-06-09,512,9,Transfer,2,Transfer
6123,2025-02-23,503,5,Return,7,Return
6124,2025-09-05,502,2,Receipt,10,Receipt
6125,2025-11-28,511,1,Sale,-8,Sale
6126,2025-10-02,515,2,Sale,-13,Sale
6127,2025-10-01,520,2,Transfer,13,Transfer
6128,2025-11-24,515,8,Receipt,19,Receipt
6129,2025-10-03,502,3,Return,15,Return
6130,2025-11-18,509,6,Sale,-10,Sale
6131,2025-05-30,509,7,Adjustment,-17,Adjustment
6132,2025-05-31,501,4,Adjustment,-19,Adjustment
6133,2025-06-02,501,2,Adjustment,-14,Adjustment
6134,2025-03-10,520,6,Adjustment,-7,Adjustment
6135,2025-09-13,517,4,Adjustment,-7,Adjustment
6136,2025-10-26,516,6,Receipt,12,Receipt
6137,2025-11-04,523,3,Adjustment,-6,Adjustment
6138,2025-02-23,517,7,Adjustment,-8,Adjustment
6139,2025-12-30,502,3,Return,7,Return
6140,2025-06-19,518,6,Return,3,Return
6141,2025-04-27,508,3,Transfer,6,Transfer
6142,2025-07-12,524,6,Transfer,3,Transfer
6143,2025-06-27,521,5,Receipt,18,Receipt
6144,2025-10-26,514,7,Return,8,Return
6145,2025-04-17,510,5,Receipt,15,Receipt
6146,2025-12-30,509,7,Adjustment,-16,Adjustment
6147,2025-06-26,524,10,Sale,-4,Sale
6148,2025-05-26,521,2,Transfer,18,Transfer
6149,2025-11-09,504,7,Adjustment,-9,Adjustment
6150,2025-01-02,511,1,Receipt,15,Receipt
6151,2025-02-09,517,2,Sale,-6,Sale
6152,2025-10-10,503,5,Adjustment,-19,Adjustment
6153,2025-06-03,509,8,Receipt,8,Receipt
6154,2025-12-28,519,5,Adjustment,-2,Adjustment
6155,2025-12-22,516,8,Return,7,Return
6156,2025-03-07,519,3,Transfer,1,Transfer
6157,2025-05-28,522,4,Return,13,Return
6158,2025-03-19,514,6,Sale,-1,Sale
6159,2025-11-27,519,7,Receipt,19,Receipt
6160,2025-10-13,507,7,Sale,-4,Sale
6161,2025-08-24,504,10,Adjustment,-15,Adjustment
6162,2025-07-31,514,2,Adjustment,-14,Adjustment
6163,2025-06-10,524,7,Receipt,5,Receipt
6164,2025-03-31,502,3,Sale,-9,Sale
6165,2025-12-15,523,4,Sale,-5,Sale
6166,2025-10-29,518,1,Transfer,20,Transfer
6167,2025-08-13,514,9,Receipt,7,Receipt
6168,2025-09-07,512,10,Sale,-14,Sale
6169,2025-08-31,515,10,Receipt,4,Receipt
6170,2025-03-18,521,5,Receipt,11,Receipt
6171,2025-03-03,509,5,Transfer,13,Transfer
6172,2025-03-26,507,4,Receipt,20,Receipt
6173,2025-08-23,510,7,Transfer,3,Transfer
6174,2025-06-07,505,7,Transfer,14,Transfer
6175,2025-10-09,513,4,Receipt,4,Receipt
6176,2025-07-14,507,2,Adjustment,-5,Adjustment
6177,2025-07-02,524,7,Return,19,Return
6178,2025-07-02,519,3,Return,11,Return
6179,2025-12-17,515,7,Sale,-16,Sale
6180,2025-06-02,520,1,Transfer,3,Transfer
6181,2025-10-08,511,1,Receipt,7,Receipt
6182,2025-06-25,503,4,Sale,-11,Sale
6183,2025-12-16,509,9,Transfer,10,Transfer
6184,2025-03-14,506,9,Adjustment,-16,Adjustment
6185,2025-10-21,501,5,Return,8,Return
6186,2025-04-30,503,5,Adjustment,-8,Adjustment
6187,2025-07-13,524,2,Transfer,9,Transfer
6188,2025-05-30,519,4,Transfer,16,Transfer
6189,2025-02-17,504,5,Sale,-12,Sale
6190,2025-09-27,517,8,Return,15,Return
6191,2025-04-20,503,3,Return,11,Return
6192,2025-01-08,519,6,Receipt,10,Receipt
6193,2025-08-14,516,7,Transfer,8,Transfer
6194,2025-09-21,507,1,Adjustment,-4,Adjustment
6195,2025-09-15,502,1,Return,12,Return
6196,2025-09-03,508,2,Receipt,18,Receipt
6197,2025-10-26,503,6,Transfer,7,Transfer
6198,2025-05-09,508,7,Receipt,3,Receipt
6199,2025-07-31,506,2,Adjustment,-18,Adjustment
6200,2025-10-08,503,9,Receipt,16,Receipt
6201,2025-01-24,520,7,Adjustment,-4,Adjustment
6202,2025-08-05,510,3,Return,11,Return
6203,2025-01-28,514,9,Transfer,15,Transfer
6204,2025-08-08,519,4,Receipt,5,Receipt
6205,2025-07-10,509,3,Sale,-3,Sale
6206,2025-07-26,502,1,Sale,-1,Sale
6207,2025-01-28,506,9,Sale,-7,Sale
6208,2025-11-28,523,6,Adjustment,-11,Adjustment
6209,2025-03-12,506,5,Receipt,11,Receipt
6210,2025-05-29,505,1,Receipt,4,Receipt
6211,2025-09-03,502,2,Adjustment,-14,Adjustment
6212,2025-05-12,511,10,Transfer,3,Transfer
6213,2025-01-10,504,7,Return,5,Return
6214,2025-04-16,524,9,Adjustment,-8,Adjustment
6215,2025-03-11,505,5,Sale,-5,Sale
6216,2025-06-13,508,10,Receipt,2,Receipt
6217,2025-12-07,506,1,Sale,-6,Sale
6218,2025-03-13,521,1,Transfer,13,Transfer
6219,2025-01-24,503,2,Receipt,20,Receipt
6220,2025-10-01,510,4,Sale,-9,Sale
6221,2025-02-21,507,4,Sale,-19,Sale
6222,2025-04-03,517,7,Sale,-12,Sale
6223,2025-03-23,508,10,Receipt,7,Receipt
6224,2025-07-30,522,5,Transfer,11,Transfer
6225,2025-04-21,510,3,Transfer,5,Transfer
6226,2025-06-02,525,5,Return,13,Return
6227,2025-08-08,501,3,Return,15,Return
6228,2025-09-20,514,7,Transfer,19,Transfer
6229,2025-03-31,524,1,Sale,-9,Sale
6230,2025-05-07,514,8,Return,12,Return
6231,2025-05-22,522,10,Adjustment,-8,Adjustment
6232,2025-04-01,520,8,Return,12,Return
6233,2025-07-27,525,2,Sale,-12,Sale
6234,2025-07-16,513,6,Transfer,6,Transfer
6235,2025-02-03,509,8,Transfer,19,Transfer
6236,2025-07-09,508,9,Adjustment,-6,Adjustment
6237,2025-08-02,514,5,Receipt,20,Receipt
6238,2025-08-31,512,4,Receipt,9,Receipt
6239,2025-10-25,523,6,Sale,-13,Sale
6240,2025-08-15,525,5,Sale,-10,Sale
6241,2025-06-12,522,4,Adjustment,-14,Adjustment
6242,2025-10-15,519,7,Transfer,7,Transfer
6243,2025-10-10,511,4,Sale,-19,Sale
6244,2025-04-14,523,7,Sale,-10,Sale
6245,2025-03-19,510,2,Adjustment,-19,Adjustment
6246,2025-02-11,506,8,Transfer,16,Transfer
6247,2025-11-17,518,4,Adjustment,-7,Adjustment
6248,2025-04-19,522,5,Transfer,9,Transfer
6249,2025-06-18,517,7,Adjustment,-18,Adjustment
6250,2025-01-14,514,2,Sale,-19,Sale
6251,2025-03-17,510,10,Adjustment,-18,Adjustment
6252,2025-11-24,508,10,Adjustment,-19,Adjustment
6253,2025-12-03,503,7,Return,18,Return
6254,2025-04-25,522,9,Receipt,12,Receipt
6255,2025-07-21,517,4,Receipt,4,Receipt
6256,2025-01-15,508,1,Adjustment,-3,Adjustment
6257,2025-08-31,505,7,Adjustment,-7,Adjustment
6258,2025-12-20,506,1,Receipt,16,Receipt
6259,2025-10-02,520,7,Receipt,9,Receipt
6260,2025-12-31,501,9,Adjustment,-18,Adjustment
6261,2025-05-21,519,4,Sale,-13,Sale
6262,2025-03-04,510,7,Receipt,5,Receipt
6263,2025-06-02,525,8,Sale,-19,Sale
6264,2025-06-15,521,5,Adjustment,-6,Adjustment
6265,2025-11-21,506,7,Sale,-19,Sale
6266,2025-07-27,507,4,Transfer,12,Transfer
6267,2025-08-24,505,10,Return,4,Return
6268,2025-01-06,507,7,Return,10,Return
6269,2025-09-16,522,2,Return,9,Return
6270,2025-11-25,514,7,Receipt,6,Receipt
6271,2025-08-24,503,10,Transfer,19,Transfer
6272,2025-12-11,501,7,Adjustment,-15,Adjustment
6273,2025-04-22,511,4,Return,8,Return
6274,2025-01-17,504,7,Return,4,Return
6275,2025-06-29,525,10,Receipt,6,Receipt
6276,2025-07-25,525,4,Receipt,4,Receipt
6277,2025-05-20,524,10,Return,20,Return
6278,2025-04-10,508,4,Receipt,3,Receipt
6279,2025-04-21,516,7,Transfer,9,Transfer
6280,2025-12-18,509,9,Adjustment,-7,Adjustment
6281,2025-01-24,519,9,Receipt,10,Receipt
6282,2025-02-01,503,7,Transfer,3,Transfer
6283,2025-04-21,502,2,Adjustment,-20,Adjustment
6284,2025-02-16,504,7,Transfer,18,Transfer
6285,2025-10-24,521,10,Receipt,10,Receipt
6286,2025-01-25,510,3,Receipt,1,Receipt
6287,2025-09-29,518,7,Receipt,5,Receipt
6288,2025-07-26,518,1,Adjustment,-4,Adjustment
6289,2025-11-05,502,4,Receipt,20,Receipt
6290,2025-03-04,525,4,Transfer,5,Transfer
6291,2025-06-18,510,9,Transfer,17,Transfer
6292,2025-01-31,507,6,Transfer,5,Transfer
6293,2025-08-06,502,8,Sale,-3,Sale
6294,2025-09-06,519,2,Return,4,Return
6295,2025-07-15,502,2,Sale,-18,Sale
6296,2025-02-20,523,2,Transfer,16,Transfer
6297,2025-04-15,505,2,Adjustment,-4,Adjustment
6298,2025-01-09,505,5,Return,10,Return
6299,2025-03-24,517,9,Adjustment,-1,Adjustment
6300,2025-02-17,504,3,Receipt,10,Receipt
6301,2025-11-20,510,6,Return,15,Return
6302,2025-12-23,503,10,Sale,-16,Sale
6303,2025-09-01,517,6,Sale,-14,Sale
6304,2025-05-31,514,4,Adjustment,-13,Adjustment
6305,2025-05-03,518,2,Return,3,Return
6306,2025-06-04,520,2,Receipt,16,Receipt
6307,2025-10-23,510,3,Adjustment,-4,Adjustment
6308,2025-03-02,512,5,Sale,-5,Sale
6309,2025-12-30,508,2,Receipt,3,Receipt
6310,2025-06-19,502,7,Transfer,7,Transfer
6311,2025-12-05,506,7,Return,14,Return
6312,2025-10-08,509,6,Receipt,14,Receipt
6313,2025-06-15,506,8,Transfer,6,Transfer
6314,2025-01-02,505,6,Transfer,3,Transfer
6315,2025-02-03,523,8,Transfer,16,Transfer
6316,2025-11-02,523,10,Return,18,Return
6317,2025-09-27,512,7,Transfer,17,Transfer
6318,2025-05-25,517,10,Adjustment,-20,Adjustment
6319,2025-01-30,501,6,Return,8,Return
6320,2025-11-18,523,6,Receipt,19,Receipt
6321,2025-06-28,522,7,Adjustment,-15,Adjustment
6322,2025-07-06,525,9,Sale,-12,Sale
6323,2025-04-05,515,2,Transfer,5,Transfer
6324,2025-07-19,513,3,Adjustment,-5,Adjustment
6325,2025-07-07,501,5,Transfer,13,Transfer
6326,2025-09-01,501,1,Adjustment,-1,Adjustment
6327,2025-12-01,509,2,Receipt,10,Receipt
6328,2025-07-13,517,7,Sale,-1,Sale
6329,2025-01-21,523,9,Sale,-9,Sale
6330,2025-01-03,501,7,Adjustment,-4,Adjustment
6331,2025-11-03,502,5,Adjustment,-18,Adjustment
6332,2025-03-11,518,3,Receipt,16,Receipt
6333,2025-07-28,506,4,Receipt,16,Receipt
6334,2025-03-04,512,3,Return,4,Return
6335,2025-03-15,518,3,Sale,-8,Sale
6336,2025-10-12,505,5,Sale,-6,Sale
6337,2025-05-23,516,6,Receipt,18,Receipt
6338,2025-04-09,512,10,Sale,-17,Sale
6339,2025-06-02,502,1,Return,20,Return
6340,2025-01-20,524,9,Transfer,3,Transfer
6341,2025-11-06,504,4,Transfer,15,Transfer
6342,2025-12-27,504,4,Transfer,4,Transfer
6343,2025-06-10,507,6,Transfer,1,Transfer
6344,2025-03-26,525,9,Adjustment,-5,Adjustment
6345,2025-01-04,514,5,Return,5,Return
6346,2025-09-08,518,1,Receipt,12,Receipt
6347,2025-09-26,508,1,Return,15,Return
6348,2025-01-09,503,1,Sale,-18,Sale
6349,2025-11-15,510,6,Transfer,4,Transfer
6350,2025-02-09,520,6,Sale,-10,Sale
6351,2025-02-18,521,5,Sale,-17,Sale
6352,2025-10-12,514,8,Transfer,16,Transfer
6353,2025-10-09,502,3,Transfer,5,Transfer
6354,2025-12-12,518,10,Receipt,17,Receipt
6355,2025-07-17,508,6,Sale,-1,Sale
6356,2025-11-25,523,1,Adjustment,-18,Adjustment
6357,2025-10-13,519,2,Sale,-15,Sale
6358,2025-04-24,522,10,Sale,-4,Sale
6359,2025-05-03,524,7,Adjustment,-9,Adjustment
6360,2025-01-08,511,6,Return,19,Return
6361,2025-06-26,516,6,Return,11,Return
6362,2025-06-06,523,1,Return,19,Return
6363,2025-04-06,519,1,Return,9,Return
6364,2025-08-09,519,1,Adjustment,-20,Adjustment
6365,2025-03-20,517,10,Transfer,12,Transfer
6366,2025-01-08,513,2,Return,14,Return
6367,2025-06-19,514,8,Receipt,13,Receipt
6368,2025-08-20,525,5,Sale,-8,Sale
6369,2025-01-23,503,7,Transfer,15,Transfer
6370,2025-08-16,514,2,Transfer,5,Transfer
6371,2025-12-06,518,2,Sale,-14,Sale
6372,2025-10-10,502,3,Transfer,19,Transfer
6373,2025-11-22,501,9,Transfer,8,Transfer
6374,2025-09-03,524,7,Transfer,7,Transfer
6375,2025-03-24,521,10,Return,20,Return
6376,2025-05-18,510,8,Adjustment,-10,Adjustment
6377,2025-06-15,501,9,Adjustment,-6,Adjustment
6378,2025-05-04,524,3,Transfer,6,Transfer
6379,2025-04-19,510,9,Transfer,6,Transfer
6380,2025-05-21,503,8,Receipt,2,Receipt
6381,2025-02-26,524,6,Sale,-10,Sale
6382,2025-07-23,520,2,Transfer,8,Transfer
6383,2025-06-23,511,8,Transfer,18,Transfer
6384,2025-01-15,513,3,Transfer,19,Transfer
6385,2025-07-13,501,3,Adjustment,-19,Adjustment
6386,2025-07-08,515,1,Transfer,6,Transfer
6387,2025-04-24,522,3,Sale,-7,Sale
6388,2025-12-12,520,5,Return,11,Return
6389,2025-04-24,503,6,Transfer,6,Transfer
6390,2025-09-26,513,4,Return,5,Return
6391,2025-01-11,505,10,Receipt,9,Receipt
6392,2025-04-05,523,10,Adjustment,-13,Adjustment
6393,2025-08-15,506,2,Return,3,Return
6394,2025-03-22,520,3,Adjustment,-10,Adjustment
6395,2025-06-04,503,7,Sale,-1,Sale
6396,2025-04-01,504,6,Adjustment,-18,Adjustment
6397,2025-04-01,513,7,Sale,-19,Sale
6398,2025-09-01,501,7,Return,7,Return
6399,2025-07-01,525,1,Sale,-5,Sale
6400,2025-04-29,519,3,Sale,-4,Sale
6401,2025-06-04,518,6,Return,2,Return
6402,2025-03-19,502,7,Receipt,6,Receipt
6403,2025-01-25,504,10,Receipt,19,Receipt
6404,2025-04-19,512,10,Sale,-8,Sale
6405,2025-11-06,516,2,Sale,-16,Sale
6406,2025-01-02,502,1,Return,2,Return
6407,2025-11-28,511,7,Sale,-19,Sale
6408,2025-03-16,506,6,Receipt,13,Receipt
6409,2025-12-25,516,2,Adjustment,-9,Adjustment
6410,2025-07-01,520,5,Return,12,Return
6411,2025-10-24,520,3,Receipt,15,Receipt
6412,2025-05-27,525,6,Sale,-1,Sale
6413,2025-04-30,503,7,Sale,-5,Sale
6414,2025-10-01,525,2,Adjustment,-15,Adjustment
6415,2025-07-12,510,8,Transfer,11,Transfer
6416,2025-08-16,501,2,Transfer,8,Transfer
6417,2025-06-30,507,10,Return,10,Return
6418,2025-12-10,515,8,Receipt,3,Receipt
6419,2025-12-31,514,6,Adjustment,-14,Adjustment
6420,2025-04-01,522,8,Receipt,12,Receipt
6421,2025-03-06,501,10,Adjustment,-3,Adjustment
6422,2025-02-14,523,6,Sale,-18,Sale
6423,2025-01-29,514,2,Adjustment,-18,Adjustment
6424,2025-03-21,505,4,Return,2,Return
6425,2025-07-20,516,9,Receipt,4,Receipt
6426,2025-07-17,521,8,Adjustment,-1,Adjustment
6427,2025-06-21,508,3,Adjustment,-7,Adjustment
6428,2025-12-17,516,2,Sale,-7,Sale
6429,2025-10-27,505,2,Return,12,Return
6430,2025-11-22,517,5,Sale,-13,Sale
6431,2025-08-01,508,8,Return,12,Return
6432,2025-05-27,505,10,Receipt,3,Receipt
6433,2025-01-12,502,1,Transfer,7,Transfer
6434,2025-06-22,525,4,Sale,-15,Sale
6435,2025-10-17,523,3,Return,18,Return
6436,2025-04-17,505,5,Sale,-3,Sale
6437,2025-11-03,522,9,Adjustment,-12,Adjustment
6438,2025-11-10,507,3,Adjustment,-13,Adjustment
6439,2025-05-13,504,8,Adjustment,-18,Adjustment
6440,2025-12-16,516,7,Return,7,Return
6441,2025-02-06,511,4,Transfer,19,Transfer
6442,2025-01-22,504,2,Return,5,Return
6443,2025-07-18,512,3,Transfer,1,Transfer
6444,2025-05-30,506,7,Adjustment,-13,Adjustment
6445,2025-07-08,503,3,Adjustment,-8,Adjustment
6446,2025-05-24,511,6,Adjustment,-6,Adjustment
6447,2025-09-08,512,7,Sale,-8,Sale
6448,2025-11-11,516,7,Transfer,13,Transfer
6449,2025-08-14,517,5,Transfer,17,Transfer
6450,2025-03-23,506,5,Return,14,Return
6451,2025-12-29,512,2,Return,10,Return
6452,2025-07-28,521,3,Receipt,10,Receipt
6453,2025-07-31,519,3,Transfer,1,Transfer
6454,2025-06-17,513,9,Return,14,Return
6455,2025-03-15,522,1,Transfer,4,Transfer
6456,2025-08-18,514,8,Adjustment,-5,Adjustment
6457,2025-04-29,524,6,Sale,-20,Sale
6458,2025-08-14,519,4,Receipt,20,Receipt
6459,2025-03-12,503,3,Transfer,9,Transfer
6460,2025-06-04,514,6,Return,4,Return
6461,2025-03-17,507,5,Receipt,6,Receipt
6462,2025-10-09,523,1,Adjustment,-15,Adjustment
6463,2025-09-10,524,10,Transfer,12,Transfer
6464,2025-07-11,504,9,Adjustment,-5,Adjustment
6465,2025-08-23,501,4,Transfer,2,Transfer
6466,2025-09-29,505,2,Sale,-20,Sale
6467,2025-10-12,522,3,Transfer,15,Transfer
6468,2025-08-16,521,3,Sale,-7,Sale
6469,2025-12-24,523,5,Receipt,19,Receipt
6470,2025-07-22,516,7,Transfer,3,Transfer
6471,2025-07-22,507,7,Adjustment,-1,Adjustment
6472,2025-09-24,514,4,Sale,-5,Sale
6473,2025-02-04,505,3,Receipt,4,Receipt
6474,2025-12-13,517,5,Receipt,2,Receipt
6475,2025-03-06,513,5,Return,9,Return
6476,2025-04-15,525,4,Return,7,Return
6477,2025-12-12,519,7,Adjustment,-15,Adjustment
6478,2025-03-27,523,9,Receipt,17,Receipt
6479,2025-09-13,524,2,Return,13,Return
6480,2025-01-05,511,5,Sale,-13,Sale
6481,2025-08-11,520,3,Return,10,Return
6482,2025-07-09,514,5,Receipt,18,Receipt
6483,2025-02-28,507,3,Return,2,Return
6484,2025-07-09,525,2,Transfer,20,Transfer
6485,2025-07-11,502,1,Return,7,Return
6486,2025-06-19,510,7,Receipt,4,Receipt
6487,2025-06-26,517,1,Receipt,16,Receipt
6488,2025-04-21,517,9,Return,2,Return
6489,2025-05-27,509,2,Return,2,Return
6490,2025-02-01,509,4,Receipt,10,Receipt
6491,2025-07-27,513,9,Receipt,12,Receipt
6492,2025-12-18,507,6,Transfer,3,Transfer
6493,2025-11-21,521,2,Sale,-17,Sale
6494,2025-11-27,507,8,Transfer,17,Transfer
6495,2025-06-13,512,9,Transfer,15,Transfer
6496,2025-01-22,520,1,Receipt,7,Receipt
6497,2025-09-22,511,7,Receipt,13,Receipt
6498,2025-02-26,516,8,Transfer,15,Transfer
6499,2025-01-19,503,10,Return,9,Return
6500,2025-08-25,522,2,Receipt,5,Receipt
6501,2025-09-27,523,9,Adjustment,-20,Adjustment
6502,2025-12-26,504,7,Sale,-16,Sale
6503,2025-07-07,517,7,Receipt,4,Receipt
6504,2025-08-05,504,2,Adjustment,-17,Adjustment
6505,2025-08-29,513,8,Return,19,Return
6506,2025-12-31,517,4,Transfer,19,Transfer
6507,2025-07-31,503,8,Sale,-6,Sale
6508,2025-01-15,511,9,Receipt,11,Receipt
6509,2025-04-08,509,6,Sale,-12,Sale
6510,2025-10-29,512,7,Return,3,Return
6511,2025-12-28,505,9,Transfer,15,Transfer
6512,2025-07-06,508,4,Transfer,8,Transfer
6513,2025-09-18,506,5,Return,19,Return
6514,2025-07-24,522,3,Sale,-13,Sale
6515,2025-12-25,516,6,Receipt,15,Receipt
6516,2025-02-04,522,6,Return,2,Return
6517,2025-08-06,514,9,Return,9,Return
6518,2025-04-17,501,4,Adjustment,-20,Adjustment
6519,2025-09-21,511,4,Receipt,5,Receipt
6520,2025-04-02,516,7,Sale,-15,Sale
6521,2025-10-14,521,4,Adjustment,-19,Adjustment
6522,2025-02-05,521,6,Transfer,11,Transfer
6523,2025-06-13,505,9,Receipt,6,Receipt
6524,2025-08-07,504,4,Transfer,10,Transfer
6525,2025-08-28,507,1,Receipt,18,Receipt
6526,2025-08-30,505,1,Return,19,Return
6527,2025-10-12,523,3,Adjustment,-8,Adjustment
6528,2025-08-29,515,2,Adjustment,-16,Adjustment
6529,2025-05-30,505,6,Receipt,17,Receipt
6530,2025-12-01,517,7,Sale,-16,Sale
6531,2025-11-05,502,1,Sale,-1,Sale
6532,2025-03-16,503,1,Adjustment,-3,Adjustment
6533,2025-03-14,507,5,Sale,-9,Sale
6534,2025-04-21,522,1,Transfer,16,Transfer
6535,2025-12-21,522,8,Transfer,16,Transfer
6536,2025-11-13,523,7,Adjustment,-4,Adjustment
6537,2025-10-26,521,8,Receipt,19,Receipt
6538,2025-07-06,523,10,Receipt,13,Receipt
6539,2025-07-24,513,8,Adjustment,-12,Adjustment
6540,2025-01-21,520,10,Adjustment,-10,Adjustment
6541,2025-05-01,507,5,Adjustment,-17,Adjustment
6542,2025-01-09,520,6,Transfer,1,Transfer
6543,2025-05-25,505,7,Sale,-6,Sale
6544,2025-08-23,520,4,Transfer,7,Transfer
6545,2025-02-15,519,2,Sale,-5,Sale
6546,2025-11-16,523,1,Transfer,8,Transfer
6547,2025-07-05,523,5,Adjustment,-1,Adjustment
6548,2025-08-04,502,2,Adjustment,-8,Adjustment
6549,2025-11-24,519,2,Transfer,16,Transfer
6550,2025-01-20,524,2,Receipt,11,Receipt
6551,2025-07-23,523,3,Receipt,3,Receipt
6552,2025-01-16,517,1,Adjustment,-1,Adjustment
6553,2025-06-28,518,10,Sale,-13,Sale
6554,2025-08-28,511,10,Sale,-9,Sale
6555,2025-04-15,508,6,Adjustment,-18,Adjustment
6556,2025-09-14,523,4,Transfer,17,Transfer
6557,2025-02-15,520,3,Transfer,16,Transfer
6558,2025-10-20,513,8,Receipt,10,Receipt
6559,2025-05-10,513,4,Return,3,Return
6560,2025-11-21,513,5,Return,14,Return
6561,2025-01-12,507,2,Sale,-5,Sale
6562,2025-12-03,514,7,Adjustment,-5,Adjustment
6563,2025-09-23,505,5,Transfer,5,Transfer
6564,2025-06-20,509,10,Adjustment,-18,Adjustment
6565,2025-12-09,505,5,Sale,-16,Sale
6566,2025-01-18,523,3,Receipt,2,Receipt
6567,2025-07-20,522,1,Receipt,18,Receipt
6568,2025-12-08,524,7,Receipt,10,Receipt
6569,2025-02-14,519,1,Receipt,11,Receipt
6570,2025-05-24,507,3,Return,11,Return
6571,2025-07-25,521,4,Adjustment,-4,Adjustment
6572,2025-05-01,511,7,Receipt,7,Receipt
6573,2025-11-03,523,4,Sale,-13,Sale
6574,2025-01-30,502,1,Receipt,3,Receipt
6575,2025-09-27,520,10,Return,2,Return
6576,2025-10-11,515,9,Sale,-3,Sale
6577,2025-06-08,518,1,Receipt,1,Receipt
6578,2025-11-26,508,6,Sale,-17,Sale
6579,2025-06-21,518,10,Transfer,3,Transfer
6580,2025-12-16,502,10,Sale,-20,Sale
6581,2025-05-15,523,4,Sale,-2,Sale
6582,2025-08-06,503,4,Adjustment,-14,Adjustment
6583,2025-03-29,518,1,Adjustment,-13,Adjustment
6584,2025-03-13,505,7,Return,3,Return
6585,2025-06-28,525,10,Return,3,Return
6586,2025-12-24,509,8,Transfer,15,Transfer
6587,2025-04-23,503,2,Receipt,12,Receipt
6588,2025-12-15,518,4,Receipt,12,Receipt
6589,2025-11-10,514,8,Sale,-1,Sale
6590,2025-08-18,520,9,Sale,-20,Sale
6591,2025-02-18,518,10,Transfer,5,Transfer
6592,2025-03-13,522,7,Receipt,10,Receipt
6593,2025-08-31,514,6,Return,8,Return
6594,2025-07-27,516,7,Receipt,4,Receipt
6595,2025-09-18,516,8,Adjustment,-4,Adjustment
6596,2025-12-03,517,9,Adjustment,-5,Adjustment
6597,2025-05-01,514,9,Sale,-14,Sale
6598,2025-01-13,503,7,Return,12,Return
6599,2025-07-25,506,10,Sale,-15,Sale
6600,2025-08-06,514,7,Sale,-6,Sale
6601,2025-12-20,517,1,Adjustment,-17,Adjustment
6602,2025-08-18,521,7,Return,7,Return
6603,2025-06-16,506,3,Receipt,13,Receipt
6604,2025-12-13,523,9,Return,20,Return
6605,2025-08-26,510,10,Return,1,Return
6606,2025-06-12,519,9,Return,8,Return
6607,2025-06-15,511,10,Receipt,5,Receipt
6608,2025-08-27,505,7,Adjustment,-16,Adjustment
6609,2025-09-11,513,5,Transfer,20,Transfer
6610,2025-04-07,518,6,Receipt,18,Receipt
6611,2025-06-12,501,2,Return,1,Return
6612,2025-08-14,504,7,Transfer,4,Transfer
6613,2025-10-10,519,4,Transfer,16,Transfer
6614,2025-03-13,519,6,Return,3,Return
6615,2025-02-17,518,9,Adjustment,-12,Adjustment
6616,2025-11-28,504,5,Adjustment,-3,Adjustment
6617,2025-01-21,502,6,Return,14,Return
6618,2025-11-05,506,5,Receipt,1,Receipt
6619,2025-12-27,521,3,Transfer,20,Transfer
6620,2025-10-15,516,6,Return,15,Return
6621,2025-11-17,508,1,Adjustment,-2,Adjustment
6622,2025-04-11,501,2,Sale,-19,Sale
6623,2025-06-24,521,1,Receipt,5,Receipt
6624,2025-07-20,521,1,Receipt,17,Receipt
6625,2025-03-29,519,1,Adjustment,-9,Adjustment
6626,2025-06-26,505,3,Adjustment,-20,Adjustment
6627,2025-04-07,514,10,Sale,-8,Sale
6628,2025-11-21,518,1,Sale,-4,Sale
6629,2025-01-22,501,8,Adjustment,-6,Adjustment
6630,2025-03-11,509,3,Sale,-1,Sale
6631,2025-03-13,509,10,Adjustment,-14,Adjustment
6632,2025-05-03,516,5,Adjustment,-12,Adjustment
6633,2025-09-11,523,2,Receipt,11,Receipt
6634,2025-07-20,522,10,Transfer,10,Transfer
6635,2025-12-14,525,8,Transfer,14,Transfer
6636,2025-07-14,518,8,Transfer,2,Transfer
6637,2025-11-27,510,5,Sale,-12,Sale
6638,2025-05-11,511,2,Transfer,8,Transfer
6639,2025-12-02,514,9,Transfer,13,Transfer
6640,2025-07-01,517,4,Return,14,Return
6641,2025-04-12,510,9,Transfer,17,Transfer
6642,2025-12-02,518,7,Sale,-12,Sale
6643,2025-09-11,507,7,Sale,-14,Sale
6644,2025-09-23,511,4,Adjustment,-10,Adjustment
6645,2025-12-06,515,8,Sale,-1,Sale
6646,2025-08-30,501,9,Transfer,17,Transfer
6647,2025-05-05,506,7,Return,10,Return
6648,2025-04-22,522,5,Return,18,Return
6649,2025-08-09,520,6,Transfer,8,Transfer
6650,2025-07-02,501,5,Return,2,Return
6651,2025-07-04,524,1,Transfer,2,Transfer
6652,2025-09-30,509,7,Return,6,Return
6653,2025-01-05,502,8,Adjustment,-6,Adjustment
6654,2025-03-30,525,10,Sale,-9,Sale
6655,2025-01-24,523,8,Sale,-19,Sale
6656,2025-09-08,505,10,Adjustment,-8,Adjustment
6657,2025-11-22,512,1,Transfer,9,Transfer
6658,2025-01-15,503,7,Sale,-18,Sale
6659,2025-10-14,512,2,Sale,-11,Sale
6660,2025-12-13,505,1,Transfer,2,Transfer
6661,2025-01-12,522,3,Transfer,11,Transfer
6662,2025-06-09,507,6,Return,4,Return
6663,2025-03-13,515,10,Sale,-3,Sale
6664,2025-04-25,525,8,Transfer,8,Transfer
6665,2025-04-07,503,2,Return,11,Return
6666,2025-05-03,522,6,Receipt,5,Receipt
6667,2025-05-21,506,7,Return,1,Return
6668,2025-08-24,509,3,Transfer,6,Transfer
6669,2025-12-12,513,3,Return,14,Return
6670,2025-12-21,502,9,Transfer,4,Transfer
6671,2025-04-25,517,4,Transfer,16,Transfer
6672,2025-06-28,510,6,Return,12,Return
6673,2025-11-20,525,7,Receipt,9,Receipt
6674,2025-11-17,503,10,Receipt,20,Receipt
6675,2025-02-18,503,8,Sale,-11,Sale
6676,2025-07-03,511,4,Transfer,12,Transfer
6677,2025-08-02,505,8,Adjustment,-2,Adjustment
6678,2025-02-25,514,8,Sale,-18,Sale
6679,2025-08-15,509,7,Sale,-8,Sale
6680,2025-02-14,522,6,Receipt,5,Receipt
6681,2025-08-05,524,3,Adjustment,-12,Adjustment
6682,2025-02-21,506,7,Adjustment,-9,Adjustment
6683,2025-05-12,517,2,Receipt,17,Receipt
6684,2025-07-20,506,1,Return,15,Return
6685,2025-01-31,514,10,Return,20,Return
6686,2025-11-05,514,4,Sale,-3,Sale
6687,2025-11-13,520,6,Receipt,8,Receipt
6688,2025-09-10,502,5,Receipt,14,Receipt
6689,2025-12-31,511,10,Transfer,2,Transfer
6690,2025-03-15,505,7,Return,18,Return
6691,2025-12-13,504,3,Adjustment,-8,Adjustment
6692,2025-04-28,525,9,Sale,-9,Sale
6693,2025-01-20,510,9,Return,17,Return
6694,2025-12-03,510,3,Transfer,3,Transfer
6695,2025-07-09,520,4,Receipt,5,Receipt
6696,2025-07-07,502,3,Adjustment,-10,Adjustment
6697,2025-05-02,504,4,Return,6,Return
6698,2025-08-30,512,6,Transfer,5,Transfer
6699,2025-08-27,506,10,Adjustment,-13,Adjustment
6700,2025-02-26,523,6,Return,3,Return
6701,2025-01-13,524,5,Transfer,19,Transfer
6702,2025-02-13,517,4,Transfer,7,Transfer
6703,2025-08-12,520,6,Transfer,8,Transfer
6704,2025-01-20,522,3,Sale,-3,Sale
6705,2025-09-05,504,2,Return,16,Return
6706,2025-07-28,505,10,Transfer,1,Transfer
6707,2025-11-06,505,7,Receipt,15,Receipt
6708,2025-08-20,507,3,Transfer,3,Transfer
6709,2025-08-07,505,10,Return,4,Return
6710,2025-09-15,516,4,Receipt,2,Receipt
6711,2025-03-22,504,10,Return,5,Return
6712,2025-07-23,519,2,Return,8,Return
6713,2025-04-22,522,8,Transfer,15,Transfer
6714,2025-02-28,525,1,Adjustment,-16,Adjustment
6715,2025-10-17,517,8,Transfer,5,Transfer
6716,2025-08-15,521,5,Adjustment,-1,Adjustment
6717,2025-11-13,524,2,Transfer,20,Transfer
6718,2025-01-29,509,5,Transfer,7,Transfer
6719,2025-01-06,506,1,Transfer,2,Transfer
6720,2025-09-24,508,9,Sale,-13,Sale
6721,2025-11-10,502,4,Adjustment,-18,Adjustment
6722,2025-01-29,506,10,Transfer,12,Transfer
6723,2025-07-24,515,7,Transfer,17,Transfer
6724,2025-11-29,525,1,Receipt,8,Receipt
6725,2025-11-06,525,4,Transfer,1,Transfer
6726,2025-12-17,523,8,Transfer,14,Transfer
6727,2025-11-17,503,9,Transfer,10,Transfer
6728,2025-08-06,518,9,Sale,-8,Sale
6729,2025-02-08,508,9,Receipt,2,Receipt
6730,2025-03-30,503,1,Sale,-15,Sale
6731,2025-05-05,508,5,Transfer,4,Transfer
6732,2025-02-21,518,5,Adjustment,-2,Adjustment
6733,2025-01-02,504,4,Sale,-5,Sale
6734,2025-03-28,512,4,Return,18,Return
6735,2025-10-09,524,4,Sale,-2,Sale
6736,2025-09-25,504,7,Receipt,13,Receipt
6737,2025-01-05,508,9,Sale,-14,Sale
6738,2025-11-29,523,8,Return,3,Return
6739,2025-11-04,501,8,Sale,-13,Sale
6740,2025-12-28,510,8,Return,19,Return
6741,2025-04-05,502,1,Adjustment,-16,Adjustment
6742,2025-03-08,503,5,Receipt,12,Receipt
6743,2025-08-31,501,8,Receipt,2,Receipt
6744,2025-05-04,509,9,Receipt,14,Receipt
6745,2025-12-01,522,9,Transfer,1,Transfer
6746,2025-02-23,506,4,Return,11,Return
6747,2025-09-28,512,2,Adjustment,-1,Adjustment
6748,2025-02-11,520,5,Receipt,19,Receipt
6749,2025-05-13,512,7,Transfer,12,Transfer
6750,2025-03-14,520,7,Return,16,Return
6751,2025-07-19,504,10,Transfer,11,Transfer
6752,2025-08-08,516,2,Sale,-15,Sale
6753,2025-08-17,524,2,Sale,-15,Sale
6754,2025-08-01,525,3,Return,17,Return
6755,2025-10-27,512,7,Adjustment,-8,Adjustment
6756,2025-07-25,525,7,Receipt,5,Receipt
6757,2025-04-23,501,6,Adjustment,-18,Adjustment
6758,2025-04-17,515,2,Transfer,16,Transfer
6759,2025-09-26,516,5,Sale,-18,Sale
6760,2025-03-13,507,5,Receipt,6,Receipt
6761,2025-06-04,510,7,Adjustment,-3,Adjustment
6762,2025-09-11,514,4,Adjustment,-6,Adjustment
6763,2025-06-01,522,2,Sale,-1,Sale
6764,2025-08-02,525,2,Receipt,15,Receipt
6765,2025-11-17,522,2,Transfer,6,Transfer
6766,2025-06-01,517,4,Transfer,6,Transfer
6767,2025-07-23,518,7,Receipt,20,Receipt
6768,2025-05-15,516,1,Sale,-14,Sale
6769,2025-06-10,513,9,Transfer,13,Transfer
6770,2025-10-31,517,8,Return,13,Return
6771,2025-07-13,518,9,Receipt,7,Receipt
6772,2025-01-15,509,9,Sale,-1,Sale
6773,2025-12-16,520,4,Sale,-16,Sale
6774,2025-12-20,503,6,Adjustment,-8,Adjustment
6775,2025-03-16,525,10,Return,6,Return
6776,2025-09-05,502,7,Receipt,6,Receipt
6777,2025-04-25,509,2,Transfer,20,Transfer
6778,2025-01-26,513,3,Receipt,9,Receipt
6779,2025-02-11,518,8,Return,4,Return
6780,2025-09-20,506,5,Sale,-5,Sale
6781,2025-09-23,507,1,Adjustment,-4,Adjustment
6782,2025-02-28,515,10,Receipt,18,Receipt
6783,2025-09-03,511,8,Adjustment,-2,Adjustment
6784,2025-09-24,521,5,Return,20,Return
6785,2025-05-26,519,10,Return,16,Return
6786,2025-11-04,502,6,Adjustment,-20,Adjustment
6787,2025-02-24,516,2,Sale,-5,Sale
6788,2025-10-07,514,6,Receipt,9,Receipt
6789,2025-09-22,524,2,Adjustment,-12,Adjustment
6790,2025-10-01,522,2,Return,20,Return
6791,2025-02-09,516,4,Receipt,14,Receipt
6792,2025-05-05,504,7,Transfer,14,Transfer
6793,2025-03-28,520,8,Sale,-4,Sale
6794,2025-08-18,506,7,Transfer,12,Transfer
6795,2025-11-02,510,10,Receipt,14,Receipt
6796,2025-09-07,518,9,Adjustment,-7,Adjustment
6797,2025-10-21,507,9,Receipt,3,Receipt
6798,2025-10-27,502,7,Return,19,Return
6799,2025-12-24,502,2,Return,6,Return
6800,2025-09-13,503,7,Sale,-1,Sale
6801,2025-04-07,522,3,Adjustment,-12,Adjustment
6802,2025-04-24,523,4,Receipt,13,Receipt
6803,2025-05-04,503,8,Adjustment,-4,Adjustment
6804,2025-06-18,509,10,Return,17,Return
6805,2025-06-08,523,10,Receipt,2,Receipt
6806,2025-09-01,522,3,Receipt,8,Receipt
6807,2025-06-01,512,9,Return,12,Return
6808,2025-04-26,511,7,Transfer,17,Transfer
6809,2025-10-28,518,2,Sale,-20,Sale
6810,2025-05-23,524,4,Sale,-16,Sale
6811,2025-03-16,511,6,Return,5,Return
6812,2025-05-20,503,10,Receipt,15,Receipt
6813,2025-10-13,503,5,Sale,-11,Sale
6814,2025-04-02,504,3,Adjustment,-14,Adjustment
6815,2025-01-20,504,9,Sale,-13,Sale
6816,2025-10-20,520,5,Adjustment,-8,Adjustment
6817,2025-02-20,507,9,Transfer,9,Transfer
6818,2025-04-30,504,6,Transfer,11,Transfer
6819,2025-01-27,520,4,Adjustment,-7,Adjustment
6820,2025-11-03,513,9,Receipt,16,Receipt
6821,2025-01-24,521,10,Transfer,20,Transfer
6822,2025-07-05,519,9,Adjustment,-10,Adjustment
6823,2025-11-19,509,1,Adjustment,-5,Adjustment
6824,2025-11-06,506,2,Return,20,Return
6825,2025-11-22,525,4,Adjustment,-16,Adjustment
6826,2025-08-03,513,9,Transfer,3,Transfer
6827,2025-04-16,507,10,Receipt,3,Receipt
6828,2025-08-08,515,1,Adjustment,-7,Adjustment
6829,2025-03-03,516,4,Adjustment,-5,Adjustment
6830,2025-12-28,506,5,Transfer,1,Transfer
6831,2025-11-27,506,5,Sale,-6,Sale
6832,2025-09-26,524,4,Receipt,20,Receipt
6833,2025-12-11,508,3,Receipt,14,Receipt
6834,2025-06-10,510,1,Sale,-14,Sale
6835,2025-02-21,521,5,Receipt,18,Receipt
6836,2025-03-28,510,9,Transfer,9,Transfer
6837,2025-12-09,522,1,Transfer,5,Transfer
6838,2025-05-06,525,6,Sale,-9,Sale
6839,2025-06-07,515,7,Receipt,20,Receipt
6840,2025-03-02,522,9,Transfer,3,Transfer
6841,2025-06-22,514,5,Adjustment,-3,Adjustment
6842,2025-10-22,510,2,Receipt,20,Receipt
6843,2025-06-29,507,10,Transfer,16,Transfer
6844,2025-12-28,503,4,Return,20,Return
6845,2025-06-13,510,3,Adjustment,-2,Adjustment
6846,2025-02-17,522,10,Transfer,11,Transfer
6847,2025-04-02,513,2,Receipt,17,Receipt
6848,2025-11-26,507,6,Receipt,1,Receipt
6849,2025-11-12,509,3,Adjustment,-11,Adjustment
6850,2025-03-31,502,3,Return,19,Return
6851,2025-07-15,523,7,Sale,-16,Sale
6852,2025-12-06,514,10,Adjustment,-19,Adjustment
6853,2025-10-19,512,4,Sale,-6,Sale
6854,2025-07-16,503,10,Sale,-18,Sale
6855,2025-02-03,521,9,Transfer,3,Transfer
6856,2025-12-13,501,10,Sale,-20,Sale
6857,2025-03-06,509,3,Sale,-10,Sale
6858,2025-07-13,514,3,Transfer,1,Transfer
6859,2025-05-19,514,4,Return,7,Return
6860,2025-12-12,517,9,Sale,-10,Sale
6861,2025-05-02,509,4,Return,8,Return
6862,2025-02-22,524,9,Adjustment,-12,Adjustment
6863,2025-11-10,509,1,Adjustment,-14,Adjustment
6864,2025-07-05,510,3,Return,14,Return
6865,2025-10-15,506,7,Transfer,8,Transfer
6866,2025-10-11,511,6,Return,5,Return
6867,2025-05-18,507,6,Receipt,15,Receipt
6868,2025-06-27,506,9,Receipt,19,Receipt
6869,2025-07-11,520,5,Return,20,Return
6870,2025-05-08,519,7,Adjustment,-1,Adjustment
6871,2025-05-26,511,4,Return,14,Return
6872,2025-02-19,516,7,Transfer,20,Transfer
6873,2025-05-13,515,2,Transfer,2,Transfer
6874,2025-04-14,501,1,Return,17,Return
6875,2025-06-24,509,3,Return,19,Return
6876,2025-08-22,507,5,Return,17,Return
6877,2025-11-27,513,7,Transfer,20,Transfer
6878,2025-08-09,515,10,Return,14,Return
6879,2025-10-24,509,8,Return,20,Return
6880,2025-12-25,504,8,Receipt,14,Receipt
6881,2025-10-27,502,2,Receipt,14,Receipt
6882,2025-08-14,503,2,Transfer,20,Transfer
6883,2025-09-26,509,8,Receipt,7,Receipt
6884,2025-07-20,516,6,Receipt,11,Receipt
6885,2025-06-16,501,6,Adjustment,-14,Adjustment
6886,2025-09-16,514,1,Receipt,18,Receipt
6887,2025-09-09,522,5,Receipt,13,Receipt
6888,2025-12-16,506,4,Transfer,19,Transfer
6889,2025-07-08,520,7,Transfer,7,Transfer
6890,2025-06-17,501,5,Return,17,Return
6891,2025-11-27,511,7,Transfer,1,Transfer
6892,2025-04-28,516,6,Adjustment,-19,Adjustment
6893,2025-03-11,523,5,Transfer,2,Transfer
6894,2025-08-11,503,8,Sale,-18,Sale
6895,2025-03-27,511,8,Return,19,Return
6896,2025-01-18,505,6,Receipt,10,Receipt
6897,2025-10-03,511,8,Receipt,8,Receipt
6898,2025-07-12,510,9,Adjustment,-6,Adjustment
6899,2025-05-08,517,5,Receipt,14,Receipt
6900,2025-07-28,518,1,Return,8,Return
6901,2025-06-15,517,6,Adjustment,-7,Adjustment
6902,2025-02-13,501,2,Sale,-1,Sale
6903,2025-10-09,519,7,Sale,-15,Sale
6904,2025-02-13,520,4,Return,11,Return
6905,2025-11-26,517,6,Receipt,10,Receipt
6906,2025-08-24,512,9,Sale,-16,Sale
6907,2025-01-25,507,7,Adjustment,-16,Adjustment
6908,2025-03-17,502,4,Transfer,14,Transfer
6909,2025-05-10,510,5,Adjustment,-7,Adjustment
6910,2025-05-13,513,9,Sale,-20,Sale
6911,2025-05-06,508,2,Return,13,Return
6912,2025-12-12,505,4,Return,3,Return
6913,2025-08-14,522,7,Sale,-12,Sale
6914,2025-01-25,515,4,Receipt,16,Receipt
6915,2025-06-04,509,6,Receipt,15,Receipt
6916,2025-08-08,506,7,Adjustment,-15,Adjustment
6917,2025-05-06,513,8,Sale,-13,Sale
6918,2025-12-23,502,9,Return,11,Return
6919,2025-11-06,516,8,Return,18,Return
6920,2025-07-11,520,5,Transfer,16,Transfer
6921,2025-05-27,517,6,Transfer,8,Transfer
6922,2025-07-01,507,8,Sale,-19,Sale
6923,2025-01-15,525,4,Adjustment,-9,Adjustment
6924,2025-08-27,514,9,Adjustment,-13,Adjustment
6925,2025-01-13,509,3,Adjustment,-10,Adjustment
6926,2025-08-04,515,6,Receipt,16,Receipt
6927,2025-11-02,515,6,Receipt,10,Receipt
6928,2025-02-15,503,6,Sale,-10,Sale
6929,2025-11-30,525,4,Adjustment,-7,Adjustment
6930,2025-10-29,502,1,Receipt,20,Receipt
6931,2025-05-23,524,1,Receipt,19,Receipt
6932,2025-07-23,512,9,Adjustment,-12,Adjustment
6933,2025-05-29,524,5,Sale,-8,Sale
6934,2025-09-26,511,7,Transfer,8,Transfer
6935,2025-06-25,506,4,Transfer,8,Transfer
6936,2025-08-09,502,1,Sale,-14,Sale
6937,2025-08-27,501,10,Receipt,9,Receipt
6938,2025-01-31,524,4,Receipt,3,Receipt
6939,2025-12-07,512,7,Transfer,19,Transfer
6940,2025-11-04,523,10,Receipt,3,Receipt
6941,2025-10-30,524,7,Return,19,Return
6942,2025-02-14,518,2,Transfer,3,Transfer
6943,2025-04-21,524,8,Transfer,17,Transfer
6944,2025-08-07,503,5,Transfer,13,Transfer
6945,2025-08-18,514,2,Transfer,16,Transfer
6946,2025-09-19,516,1,Return,14,Return
6947,2025-10-26,514,7,Transfer,15,Transfer
6948,2025-03-17,523,10,Adjustment,-18,Adjustment
6949,2025-12-31,505,6,Receipt,12,Receipt
6950,2025-11-04,519,6,Adjustment,-11,Adjustment
6951,2025-11-25,520,2,Receipt,17,Receipt
6952,2025-12-26,508,4,Transfer,6,Transfer
6953,2025-10-22,523,3,Receipt,6,Receipt
6954,2025-05-27,501,6,Adjustment,-14,Adjustment
6955,2025-12-15,508,10,Transfer,16,Transfer
6956,2025-03-31,505,2,Return,14,Return
6957,2025-07-01,503,4,Transfer,2,Transfer
6958,2025-07-18,513,1,Receipt,18,Receipt
6959,2025-06-07,515,4,Transfer,16,Transfer
6960,2025-10-30,503,5,Sale,-18,Sale
6961,2025-06-23,506,5,Adjustment,-17,Adjustment
6962,2025-06-04,505,1,Adjustment,-10,Adjustment
6963,2025-11-07,509,5,Sale,-11,Sale
6964,2025-12-11,506,4,Receipt,1,Receipt
6965,2025-11-27,508,6,Return,16,Return
6966,2025-12-16,523,7,Receipt,18,Receipt
6967,2025-09-12,516,5,Adjustment,-10,Adjustment
6968,2025-02-16,507,6,Receipt,7,Receipt
6969,2025-12-12,507,1,Receipt,17,Receipt
6970,2025-09-21,512,4,Sale,-12,Sale
6971,2025-06-12,518,2,Transfer,14,Transfer
6972,2025-11-15,517,9,Transfer,7,Transfer
6973,2025-12-22,504,8,Transfer,6,Transfer
6974,2025-06-17,511,10,Return,20,Return
6975,2025-10-23,517,5,Return,2,Return
6976,2025-10-11,513,6,Receipt,6,Receipt
6977,2025-02-26,513,8,Transfer,17,Transfer
6978,2025-04-02,507,9,Transfer,20,Transfer
6979,2025-10-28,508,5,Sale,-4,Sale
6980,2025-02-16,518,1,Return,19,Return
6981,2025-09-30,503,5,Receipt,7,Receipt
6982,2025-05-13,505,10,Adjustment,-7,Adjustment
6983,2025-03-22,504,10,Sale,-10,Sale
6984,2025-08-26,524,4,Transfer,19,Transfer
6985,2025-02-22,506,2,Receipt,19,Receipt
6986,2025-03-21,516,4,Return,11,Return
6987,2025-02-14,510,7,Transfer,3,Transfer
6988,2025-05-08,503,6,Receipt,7,Receipt
6989,2025-04-11,502,2,Transfer,12,Transfer
6990,2025-01-20,507,1,Transfer,8,Transfer
6991,2025-01-06,515,8,Transfer,10,Transfer
6992,2025-12-10,523,2,Return,3,Return
6993,2025-07-28,512,10,Receipt,20,Receipt
6994,2025-12-06,525,6,Return,10,Return
6995,2025-07-28,524,7,Transfer,15,Transfer
6996,2025-06-16,510,2,Sale,-10,Sale
6997,2025-11-02,519,2,Return,6,Return
6998,2025-11-11,520,5,Sale,-14,Sale
6999,2025-01-29,514,5,Transfer,5,Transfer
7000,2025-02-22,501,7,Receipt,20,Receipt
7001,2025-11-25,513,10,Receipt,13,Receipt
7002,2025-01-31,525,9,Receipt,1,Receipt
7003,2025-12-07,509,3,Sale,-6,Sale
7004,2025-10-02,505,7,Receipt,13,Receipt
7005,2025-03-19,522,2,Return,5,Return
7006,2025-11-23,513,3,Adjustment,-12,Adjustment
7007,2025-10-19,525,7,Adjustment,-20,Adjustment
7008,2025-09-28,507,5,Sale,-1,Sale
7009,2025-12-29,503,1,Adjustment,-19,Adjustment
7010,2025-10-19,508,3,Receipt,12,Receipt
7011,2025-03-08,525,3,Transfer,16,Transfer
7012,2025-01-26,523,4,Return,15,Return
7013,2025-01-16,502,8,Sale,-5,Sale
7014,2025-06-23,520,8,Transfer,18,Transfer
7015,2025-04-08,518,8,Sale,-9,Sale
7016,2025-11-09,512,2,Receipt,5,Receipt
7017,2025-04-06,523,1,Transfer,11,Transfer
7018,2025-11-25,501,3,Transfer,17,Transfer
7019,2025-01-09,513,1,Return,13,Return
7020,2025-01-15,506,3,Transfer,18,Transfer
7021,2025-08-03,512,5,Transfer,1,Transfer
7022,2025-08-19,513,10,Adjustment,-9,Adjustment
7023,2025-10-24,501,5,Transfer,2,Transfer
7024,2025-10-27,517,6,Receipt,17,Receipt
7025,2025-12-19,509,4,Adjustment,-13,Adjustment
7026,2025-07-19,511,6,Receipt,4,Receipt
7027,2025-04-23,517,9,Adjustment,-5,Adjustment
7028,2025-09-18,517,8,Adjustment,-17,Adjustment
7029,2025-08-06,523,10,Adjustment,-12,Adjustment
7030,2025-02-07,507,7,Return,8,Return
7031,2025-11-28,505,3,Receipt,14,Receipt
7032,2025-02-15,504,4,Return,1,Return
7033,2025-01-05,509,8,Return,13,Return
7034,2025-12-07,525,8,Return,9,Return
7035,2025-11-12,501,4,Receipt,19,Receipt
7036,2025-04-17,511,2,Return,1,Return
7037,2025-10-28,525,6,Transfer,17,Transfer
7038,2025-03-28,523,10,Sale,-18,Sale
7039,2025-02-07,519,2,Transfer,10,Transfer
7040,2025-10-16,524,1,Transfer,15,Transfer
7041,2025-06-07,515,3,Transfer,8,Transfer
7042,2025-10-29,512,2,Return,8,Return
7043,2025-04-21,521,1,Adjustment,-16,Adjustment
7044,2025-04-24,505,7,Return,11,Return
7045,2025-10-12,509,9,Adjustment,-1,Adjustment
7046,2025-11-17,517,7,Return,13,Return
7047,2025-12-19,522,3,Transfer,13,Transfer
7048,2025-07-08,525,9,Return,6,Return
7049,2025-09-27,506,9,Sale,-6,Sale
7050,2025-09-27,507,3,Receipt,4,Receipt
7051,2025-04-18,502,7,Sale,-12,Sale
7052,2025-06-25,514,9,Return,17,Return
7053,2025-09-06,514,8,Transfer,14,Transfer
7054,2025-11-09,513,5,Return,1,Return
7055,2025-04-23,516,5,Transfer,18,Transfer
7056,2025-06-16,519,8,Transfer,19,Transfer
7057,2025-02-10,508,6,Transfer,5,Transfer
7058,2025-09-02,511,6,Sale,-3,Sale
7059,2025-11-18,506,9,Transfer,20,Transfer
7060,2025-05-21,518,8,Return,16,Return
7061,2025-12-18,503,5,Transfer,3,Transfer
7062,2025-12-17,506,7,Return,13,Return
7063,2025-03-03,524,2,Adjustment,-11,Adjustment
7064,2025-09-10,514,5,Return,20,Return
7065,2025-05-18,520,7,Transfer,8,Transfer
7066,2025-02-06,525,6,Transfer,11,Transfer
7067,2025-02-27,520,7,Adjustment,-10,Adjustment
7068,2025-11-03,514,4,Adjustment,-17,Adjustment
7069,2025-10-17,507,6,Receipt,2,Receipt
7070,2025-02-01,504,7,Return,6,Return
7071,2025-02-13,525,6,Sale,-2,Sale
7072,2025-11-30,521,3,Return,16,Return
7073,2025-03-16,505,9,Sale,-9,Sale
7074,2025-04-21,510,10,Transfer,18,Transfer
7075,2025-07-15,514,9,Sale,-16,Sale
7076,2025-11-18,517,5,Receipt,19,Receipt
7077,2025-02-12,521,9,Adjustment,-2,Adjustment
7078,2025-01-05,507,4,Receipt,9,Receipt
7079,2025-01-03,503,6,Transfer,18,Transfer
7080,2025-05-04,512,9,Sale,-15,Sale
7081,2025-09-06,504,6,Adjustment,-13,Adjustment
7082,2025-05-20,514,1,Transfer,9,Transfer
7083,2025-10-27,505,7,Transfer,8,Transfer
7084,2025-08-12,516,5,Receipt,20,Receipt
7085,2025-09-11,505,1,Adjustment,-5,Adjustment
7086,2025-07-22,523,5,Transfer,7,Transfer
7087,2025-02-02,504,10,Return,19,Return
7088,2025-06-28,514,8,Sale,-17,Sale
7089,2025-07-06,524,1,Sale,-17,Sale
7090,2025-07-02,511,4,Sale,-3,Sale
7091,2025-01-11,522,8,Return,8,Return
7092,2025-06-13,518,3,Adjustment,-11,Adjustment
7093,2025-07-17,506,7,Receipt,6,Receipt
7094,2025-11-07,512,7,Transfer,7,Transfer
7095,2025-05-17,510,7,Adjustment,-17,Adjustment
7096,2025-10-15,520,1,Receipt,15,Receipt
7097,2025-02-12,522,10,Adjustment,-11,Adjustment
7098,2025-11-07,517,2,Return,4,Return
7099,2025-07-11,512,2,Adjustment,-16,Adjustment
7100,2025-12-13,523,5,Sale,-19,Sale
7101,2025-06-07,520,3,Transfer,4,Transfer
7102,2025-12-11,504,7,Transfer,7,Transfer
7103,2025-10-05,506,9,Transfer,20,Transfer
7104,2025-11-26,511,10,Sale,-17,Sale
7105,2025-08-14,515,7,Adjustment,-9,Adjustment
7106,2025-06-13,519,1,Transfer,13,Transfer
7107,2025-07-05,511,5,Adjustment,-1,Adjustment
7108,2025-11-29,523,4,Return,9,Return
7109,2025-08-10,518,8,Transfer,8,Transfer
7110,2025-06-22,514,10,Adjustment,-4,Adjustment
7111,2025-01-02,519,5,Sale,-5,Sale
7112,2025-09-07,513,4,Return,2,Return
7113,2025-06-27,507,6,Transfer,4,Transfer
7114,2025-08-27,504,1,Return,15,Return
7115,2025-03-05,511,5,Receipt,4,Receipt
7116,2025-04-28,525,5,Adjustment,-15,Adjustment
7117,2025-05-04,522,2,Return,9,Return
7118,2025-09-05,505,3,Transfer,18,Transfer
7119,2025-08-28,517,6,Transfer,12,Transfer
7120,2025-02-23,508,6,Adjustment,-9,Adjustment
7121,2025-06-08,504,7,Transfer,16,Transfer
7122,2025-11-29,512,8,Return,11,Return
7123,2025-12-07,511,3,Sale,-20,Sale
7124,2025-10-02,512,6,Sale,-5,Sale
7125,2025-01-10,525,10,Transfer,18,Transfer
7126,2025-11-03,510,8,Transfer,16,Transfer
7127,2025-02-20,521,7,Transfer,17,Transfer
7128,2025-03-21,517,5,Adjustment,-2,Adjustment
7129,2025-07-30,506,4,Receipt,7,Receipt
7130,2025-08-16,501,5,Sale,-10,Sale
7131,2025-02-22,509,7,Receipt,15,Receipt
7132,2025-11-21,523,2,Return,15,Return
7133,2025-12-09,519,8,Transfer,16,Transfer
7134,2025-03-05,518,6,Sale,-10,Sale
7135,2025-06-24,502,9,Transfer,19,Transfer
7136,2025-05-26,512,7,Sale,-16,Sale
7137,2025-08-25,501,4,Receipt,4,Receipt
7138,2025-02-21,501,2,Return,13,Return
7139,2025-11-12,522,1,Adjustment,-12,Adjustment
7140,2025-08-13,524,1,Receipt,4,Receipt
7141,2025-10-21,521,5,Adjustment,-15,Adjustment
7142,2025-09-08,518,7,Return,2,Return
7143,2025-09-28,511,6,Return,6,Return
7144,2025-12-27,505,2,Receipt,13,Receipt
7145,2025-05-02,522,9,Transfer,19,Transfer
7146,2025-08-16,513,4,Return,14,Return
7147,2025-08-08,516,4,Transfer,7,Transfer
7148,2025-12-27,517,10,Transfer,12,Transfer
7149,2025-09-08,502,8,Adjustment,-2,Adjustment
7150,2025-10-01,518,4,Sale,-5,Sale
7151,2025-04-20,508,6,Transfer,3,Transfer
7152,2025-11-10,501,2,Receipt,7,Receipt
7153,2025-01-25,520,8,Transfer,7,Transfer
7154,2025-09-10,521,5,Transfer,6,Transfer
7155,2025-08-10,513,4,Return,8,Return
7156,2025-12-31,525,10,Transfer,16,Transfer
7157,2025-02-02,523,5,Adjustment,-15,Adjustment
7158,2025-04-11,523,1,Return,1,Return
7159,2025-12-11,524,4,Receipt,15,Receipt
7160,2025-07-06,518,3,Transfer,14,Transfer
7161,2025-09-20,506,6,Adjustment,-1,Adjustment
7162,2025-05-02,524,8,Sale,-14,Sale
7163,2025-12-29,525,2,Return,9,Return
7164,2025-09-25,513,7,Sale,-17,Sale
7165,2025-02-15,505,3,Return,4,Return
7166,2025-02-08,509,3,Sale,-6,Sale
7167,2025-07-13,503,2,Transfer,6,Transfer
7168,2025-11-25,518,10,Return,16,Return
7169,2025-11-13,510,7,Sale,-11,Sale
7170,2025-05-16,521,5,Transfer,15,Transfer
7171,2025-12-25,507,3,Adjustment,-12,Adjustment
7172,2025-05-24,510,2,Transfer,11,Transfer
7173,2025-02-19,525,9,Receipt,17,Receipt
7174,2025-04-20,513,8,Transfer,3,Transfer
7175,2025-01-10,522,6,Sale,-17,Sale
7176,2025-04-16,518,9,Sale,-2,Sale
7177,2025-04-21,515,7,Receipt,19,Receipt
7178,2025-02-21,518,5,Return,10,Return
7179,2025-05-14,513,3,Adjustment,-3,Adjustment
7180,2025-02-08,509,9,Sale,-1,Sale
7181,2025-05-05,511,5,Sale,-7,Sale
7182,2025-02-26,506,8,Receipt,4,Receipt
7183,2025-04-17,513,1,Sale,-18,Sale
7184,2025-09-18,516,7,Sale,-1,Sale
7185,2025-09-05,502,10,Transfer,15,Transfer
7186,2025-12-05,522,8,Receipt,14,Receipt
7187,2025-10-06,508,8,Adjustment,-4,Adjustment
7188,2025-11-06,512,1,Adjustment,-5,Adjustment
7189,2025-12-01,516,2,Adjustment,-14,Adjustment
7190,2025-02-18,516,3,Adjustment,-6,Adjustment
7191,2025-10-07,517,9,Receipt,10,Receipt
7192,2025-01-26,522,5,Adjustment,-18,Adjustment
7193,2025-07-19,519,4,Receipt,17,Receipt
7194,2025-12-10,506,7,Receipt,8,Receipt
7195,2025-07-25,509,10,Transfer,11,Transfer
7196,2025-06-02,504,10,Adjustment,-15,Adjustment
7197,2025-07-25,502,6,Return,3,Return
7198,2025-12-16,501,7,Sale,-20,Sale
7199,2025-01-17,519,8,Transfer,19,Transfer
7200,2025-06-02,505,6,Receipt,8,Receipt
7201,2025-08-19,522,1,Receipt,20,Receipt
7202,2025-02-05,524,6,Receipt,18,Receipt
7203,2025-02-21,507,7,Return,19,Return
7204,2025-10-24,513,8,Return,5,Return
7205,2025-05-22,506,2,Receipt,15,Receipt
7206,2025-02-04,520,4,Transfer,8,Transfer
7207,2025-06-24,506,7,Adjustment,-5,Adjustment
7208,2025-03-31,504,7,Receipt,5,Receipt
7209,2025-10-09,523,9,Return,1,Return
7210,2025-05-22,517,1,Adjustment,-12,Adjustment
7211,2025-04-29,507,6,Sale,-20,Sale
7212,2025-09-15,510,4,Return,8,Return
7213,2025-01-03,514,6,Return,3,Return
7214,2025-06-17,503,8,Adjustment,-8,Adjustment
7215,2025-05-10,513,10,Transfer,11,Transfer
7216,2025-03-04,501,3,Sale,-12,Sale
7217,2025-01-25,525,2,Receipt,10,Receipt
7218,2025-05-06,507,2,Sale,-18,Sale
7219,2025-07-08,517,10,Return,11,Return
7220,2025-10-24,501,4,Adjustment,-19,Adjustment
7221,2025-08-21,504,8,Transfer,20,Transfer
7222,2025-09-06,523,1,Adjustment,-3,Adjustment
7223,2025-06-26,514,9,Sale,-2,Sale
7224,2025-10-21,510,2,Adjustment,-2,Adjustment
7225,2025-12-24,513,1,Sale,-9,Sale
7226,2025-07-20,509,9,Transfer,3,Transfer
7227,2025-10-30,511,4,Sale,-18,Sale
7228,2025-07-17,518,5,Sale,-15,Sale
7229,2025-08-21,525,7,Receipt,18,Receipt
7230,2025-12-08,514,1,Adjustment,-15,Adjustment
7231,2025-05-24,508,5,Receipt,13,Receipt
7232,2025-08-21,522,4,Transfer,19,Transfer
7233,2025-05-02,502,4,Receipt,16,Receipt
7234,2025-05-16,519,7,Sale,-6,Sale
7235,2025-09-13,509,6,Adjustment,-11,Adjustment
7236,2025-06-04,518,5,Receipt,1,Receipt
7237,2025-10-28,510,8,Return,2,Return
7238,2025-10-05,503,6,Sale,-4,Sale
7239,2025-06-24,510,3,Adjustment,-1,Adjustment
7240,2025-08-21,520,10,Adjustment,-2,Adjustment
7241,2025-06-03,516,7,Transfer,19,Transfer
7242,2025-02-25,502,8,Receipt,4,Receipt
7243,2025-07-20,510,8,Return,16,Return
7244,2025-12-11,524,6,Transfer,10,Transfer
7245,2025-08-25,505,9,Adjustment,-11,Adjustment
7246,2025-03-19,506,7,Return,15,Return
7247,2025-06-01,517,6,Return,7,Return
7248,2025-04-15,519,1,Transfer,1,Transfer
7249,2025-05-13,522,7,Return,17,Return
7250,2025-08-02,501,7,Return,12,Return
7251,2025-11-02,506,7,Adjustment,-19,Adjustment
7252,2025-09-23,505,7,Receipt,7,Receipt
7253,2025-01-18,520,8,Return,16,Return
7254,2025-08-13,520,6,Adjustment,-15,Adjustment
7255,2025-12-01,507,10,Adjustment,-2,Adjustment
7256,2025-03-15,513,4,Return,14,Return
7257,2025-10-29,506,8,Adjustment,-15,Adjustment
7258,2025-01-29,515,4,Receipt,3,Receipt
7259,2025-03-08,518,10,Transfer,4,Transfer
7260,2025-04-06,522,1,Adjustment,-6,Adjustment
7261,2025-12-01,506,5,Adjustment,-18,Adjustment
7262,2025-04-29,507,4,Sale,-6,Sale
7263,2025-04-21,520,10,Receipt,5,Receipt
7264,2025-05-24,513,1,Sale,-9,Sale
7265,2025-07-13,519,5,Adjustment,-1,Adjustment
7266,2025-07-24,520,6,Sale,-1,Sale
7267,2025-06-24,515,9,Sale,-7,Sale
7268,2025-03-13,520,5,Adjustment,-11,Adjustment
7269,2025-09-16,511,4,Receipt,5,Receipt
7270,2025-01-17,513,5,Adjustment,-2,Adjustment
7271,2025-10-12,511,5,Transfer,17,Transfer
7272,2025-06-24,508,2,Return,16,Return
7273,2025-11-20,525,9,Receipt,19,Receipt
7274,2025-03-27,512,6,Receipt,9,Receipt
7275,2025-09-29,501,6,Transfer,5,Transfer
7276,2025-07-30,525,5,Sale,-15,Sale
7277,2025-06-20,501,8,Sale,-12,Sale
7278,2025-10-09,517,8,Return,14,Return
7279,2025-01-15,522,3,Return,13,Return
7280,2025-10-30,505,3,Receipt,8,Receipt
7281,2025-02-08,516,1,Receipt,8,Receipt
7282,2025-06-16,518,7,Receipt,20,Receipt
7283,2025-10-31,525,10,Adjustment,-7,Adjustment
7284,2025-08-30,519,9,Sale,-18,Sale
7285,2025-09-23,516,4,Adjustment,-6,Adjustment
7286,2025-03-22,510,10,Receipt,9,Receipt
7287,2025-03-30,519,2,Transfer,14,Transfer
7288,2025-07-20,510,5,Adjustment,-19,Adjustment
7289,2025-01-05,508,4,Receipt,14,Receipt
7290,2025-10-13,517,1,Sale,-18,Sale
7291,2025-01-10,511,2,Adjustment,-1,Adjustment
7292,2025-09-27,516,5,Receipt,6,Receipt
7293,2025-03-18,501,3,Transfer,3,Transfer
7294,2025-02-12,524,8,Sale,-1,Sale
7295,2025-07-07,509,2,Transfer,10,Transfer
7296,2025-09-29,516,10,Adjustment,-9,Adjustment
7297,2025-01-29,509,7,Sale,-3,Sale
7298,2025-08-27,511,1,Adjustment,-5,Adjustment
7299,2025-03-29,513,10,Receipt,12,Receipt
7300,2025-05-22,506,1,Adjustment,-9,Adjustment
7301,2025-01-29,516,9,Sale,-13,Sale
7302,2025-10-05,507,4,Transfer,10,Transfer
7303,2025-07-10,517,8,Receipt,19,Receipt
7304,2025-12-19,518,4,Sale,-8,Sale
7305,2025-12-29,521,1,Adjustment,-18,Adjustment
7306,2025-02-15,509,6,Adjustment,-2,Adjustment
7307,2025-03-20,508,3,Adjustment,-20,Adjustment
7308,2025-02-08,509,9,Adjustment,-16,Adjustment
7309,2025-12-27,504,10,Transfer,17,Transfer
7310,2025-02-18,512,1,Adjustment,-1,Adjustment
7311,2025-08-10,516,10,Receipt,19,Receipt
7312,2025-01-15,520,3,Adjustment,-5,Adjustment
7313,2025-10-20,505,1,Transfer,3,Transfer
7314,2025-03-21,518,6,Receipt,18,Receipt
7315,2025-04-27,523,3,Sale,-8,Sale
7316,2025-01-02,509,10,Return,15,Return
7317,2025-10-27,511,9,Sale,-16,Sale
7318,2025-02-22,511,9,Sale,-19,Sale
7319,2025-03-05,503,7,Transfer,11,Transfer
7320,2025-11-27,515,2,Sale,-20,Sale
7321,2025-03-26,501,8,Transfer,20,Transfer
7322,2025-06-04,523,2,Transfer,15,Transfer
7323,2025-06-03,518,8,Transfer,6,Transfer
7324,2025-07-30,506,7,Sale,-19,Sale
7325,2025-11-04,503,9,Sale,-12,Sale
7326,2025-12-21,503,3,Return,8,Return
7327,2025-08-29,524,8,Transfer,19,Transfer
7328,2025-12-29,515,8,Sale,-14,Sale
7329,2025-06-02,507,5,Sale,-9,Sale
7330,2025-06-05,520,8,Sale,-11,Sale
7331,2025-03-26,520,7,Return,16,Return
7332,2025-02-26,511,7,Transfer,16,Transfer
7333,2025-09-23,522,1,Transfer,8,Transfer
7334,2025-10-20,502,4,Sale,-20,Sale
7335,2025-11-28,501,5,Transfer,18,Transfer
7336,2025-08-30,519,7,Sale,-10,Sale
7337,2025-01-26,519,5,Receipt,1,Receipt
7338,2025-02-03,514,6,Receipt,20,Receipt
7339,2025-09-02,514,3,Adjustment,-8,Adjustment
7340,2025-07-27,513,3,Transfer,6,Transfer
7341,2025-05-14,520,3,Sale,-12,Sale
7342,2025-07-31,520,4,Receipt,8,Receipt
7343,2025-02-13,523,5,Receipt,20,Receipt
7344,2025-12-14,511,3,Receipt,4,Receipt
7345,2025-02-25,523,2,Adjustment,-8,Adjustment
7346,2025-04-04,513,5,Adjustment,-6,Adjustment
7347,2025-09-09,511,7,Receipt,9,Receipt
7348,2025-01-06,521,2,Return,1,Return
7349,2025-03-06,520,4,Return,9,Return
7350,2025-11-09,517,5,Sale,-11,Sale
7351,2025-03-25,506,10,Adjustment,-10,Adjustment
7352,2025-11-28,525,6,Return,8,Return
7353,2025-12-17,514,8,Return,14,Return
7354,2025-06-30,508,10,Adjustment,-3,Adjustment
7355,2025-03-27,514,3,Receipt,6,Receipt
7356,2025-05-01,513,6,Transfer,15,Transfer
7357,2025-04-14,505,10,Receipt,2,Receipt
7358,2025-10-22,502,1,Return,1,Return
7359,2025-08-21,514,2,Adjustment,-10,Adjustment
7360,2025-03-16,515,9,Transfer,10,Transfer
7361,2025-12-28,511,6,Adjustment,-8,Adjustment
7362,2025-05-26,506,4,Transfer,2,Transfer
7363,2025-11-14,516,10,Receipt,13,Receipt
7364,2025-08-10,515,6,Sale,-2,Sale
7365,2025-04-26,520,4,Transfer,19,Transfer
7366,2025-12-17,519,7,Transfer,8,Transfer
7367,2025-05-22,511,4,Return,1,Return
7368,2025-12-19,512,3,Return,6,Return
7369,2025-10-13,523,4,Return,16,Return
7370,2025-04-12,508,9,Transfer,15,Transfer
7371,2025-05-07,501,8,Receipt,8,Receipt
7372,2025-06-24,508,4,Sale,-9,Sale
7373,2025-04-28,514,5,Receipt,6,Receipt
7374,2025-03-20,510,8,Receipt,6,Receipt
7375,2025-11-21,519,9,Transfer,1,Transfer
7376,2025-08-23,506,1,Transfer,7,Transfer
7377,2025-06-27,502,6,Sale,-8,Sale
7378,2025-01-25,505,4,Receipt,13,Receipt
7379,2025-02-19,501,8,Sale,-11,Sale
7380,2025-07-02,511,9,Receipt,12,Receipt
7381,2025-10-28,509,1,Adjustment,-2,Adjustment
7382,2025-03-19,521,5,Transfer,5,Transfer
7383,2025-06-06,503,2,Transfer,13,Transfer
7384,2025-03-22,512,6,Return,20,Return
7385,2025-06-14,508,9,Receipt,5,Receipt
7386,2025-09-22,503,10,Receipt,16,Receipt
7387,2025-06-26,501,6,Receipt,8,Receipt
7388,2025-11-09,509,2,Sale,-10,Sale
7389,2025-02-26,511,8,Return,16,Return
7390,2025-09-12,504,7,Transfer,12,Transfer
7391,2025-03-30,517,3,Adjustment,-8,Adjustment
7392,2025-05-06,501,7,Transfer,14,Transfer
7393,2025-03-10,503,9,Receipt,14,Receipt
7394,2025-05-02,511,3,Transfer,14,Transfer
7395,2025-08-23,514,2,Receipt,1,Receipt
7396,2025-05-29,505,1,Transfer,2,Transfer
7397,2025-10-15,522,7,Transfer,20,Transfer
7398,2025-12-08,521,7,Return,12,Return
7399,2025-08-24,503,5,Return,15,Return
7400,2025-12-21,514,1,Sale,-7,Sale
7401,2025-10-31,502,2,Return,2,Return
7402,2025-05-26,525,7,Receipt,3,Receipt
7403,2025-04-21,520,3,Receipt,2,Receipt
7404,2025-09-26,517,9,Adjustment,-17,Adjustment
7405,2025-11-01,507,1,Receipt,18,Receipt
7406,2025-12-03,504,7,Transfer,13,Transfer
7407,2025-09-25,504,7,Sale,-18,Sale
7408,2025-12-29,518,6,Return,16,Return
7409,2025-12-17,512,7,Receipt,17,Receipt
7410,2025-06-29,521,1,Return,2,Return
7411,2025-06-21,513,9,Return,13,Return
7412,2025-07-14,516,3,Return,6,Return
7413,2025-01-07,516,3,Return,2,Return
7414,2025-01-01,524,9,Adjustment,-6,Adjustment
7415,2025-08-18,505,4,Receipt,10,Receipt
7416,2025-06-30,514,5,Adjustment,-7,Adjustment
7417,2025-09-22,508,1,Receipt,15,Receipt
7418,2025-01-26,525,7,Return,8,Return
7419,2025-09-24,525,10,Return,15,Return
7420,2025-07-10,504,5,Return,19,Return
7421,2025-11-08,518,4,Transfer,10,Transfer
7422,2025-02-10,509,7,Adjustment,-15,Adjustment
7423,2025-10-16,502,7,Adjustment,-9,Adjustment
7424,2025-09-21,524,7,Adjustment,-17,Adjustment
7425,2025-02-05,518,6,Adjustment,-12,Adjustment
7426,2025-02-13,514,5,Adjustment,-4,Adjustment
7427,2025-01-24,512,10,Transfer,14,Transfer
7428,2025-04-17,510,4,Transfer,13,Transfer
7429,2025-01-25,521,8,Receipt,17,Receipt
7430,2025-03-17,501,1,Sale,-19,Sale
7431,2025-09-28,512,7,Sale,-12,Sale
7432,2025-05-03,525,8,Transfer,7,Transfer
7433,2025-05-04,501,4,Adjustment,-16,Adjustment
7434,2025-09-11,523,9,Receipt,13,Receipt
7435,2025-10-31,506,7,Adjustment,-4,Adjustment
7436,2025-05-25,518,8,Receipt,12,Receipt
7437,2025-02-22,505,5,Sale,-1,Sale
7438,2025-07-11,510,6,Receipt,5,Receipt
7439,2025-12-03,502,6,Transfer,1,Transfer
7440,2025-01-17,517,1,Transfer,19,Transfer
7441,2025-10-09,507,10,Return,19,Return
7442,2025-11-20,515,4,Adjustment,-13,Adjustment
7443,2025-09-02,505,5,Return,17,Return
7444,2025-07-20,507,1,Adjustment,-4,Adjustment
7445,2025-05-08,517,4,Sale,-10,Sale
7446,2025-01-16,519,2,Receipt,1,Receipt
7447,2025-06-10,506,10,Transfer,8,Transfer
7448,2025-04-26,501,8,Transfer,20,Transfer
7449,2025-08-13,519,10,Transfer,4,Transfer
7450,2025-05-19,514,7,Adjustment,-11,Adjustment
7451,2025-11-14,516,4,Sale,-17,Sale
7452,2025-09-25,520,7,Transfer,4,Transfer
7453,2025-06-22,505,8,Sale,-5,Sale
7454,2025-01-29,501,3,Transfer,13,Transfer
7455,2025-01-20,505,4,Sale,-8,Sale
7456,2025-07-10,513,8,Transfer,2,Transfer
7457,2025-04-05,512,2,Adjustment,-4,Adjustment
7458,2025-10-16,524,1,Transfer,17,Transfer
7459,2025-09-22,521,3,Transfer,4,Transfer
7460,2025-06-22,503,7,Return,1,Return
7461,2025-01-23,523,9,Adjustment,-14,Adjustment
7462,2025-04-22,519,3,Receipt,6,Receipt
7463,2025-10-11,510,5,Adjustment,-17,Adjustment
7464,2025-01-18,519,9,Adjustment,-20,Adjustment
7465,2025-08-02,503,6,Adjustment,-7,Adjustment
7466,2025-07-20,520,6,Sale,-16,Sale
7467,2025-06-05,510,3,Return,10,Return
7468,2025-03-23,509,9,Receipt,5,Receipt
7469,2025-10-02,518,7,Sale,-9,Sale
7470,2025-05-06,515,4,Sale,-3,Sale
7471,2025-06-03,512,1,Adjustment,-3,Adjustment
7472,2025-02-26,518,1,Sale,-3,Sale
7473,2025-12-14,513,10,Sale,-13,Sale
7474,2025-03-04,520,4,Receipt,9,Receipt
7475,2025-01-04,513,2,Return,14,Return
7476,2025-08-21,503,9,Receipt,9,Receipt
7477,2025-02-22,519,10,Return,4,Return
7478,2025-07-13,522,10,Sale,-11,Sale
7479,2025-09-06,514,9,Sale,-10,Sale
7480,2025-05-29,503,1,Return,7,Return
7481,2025-02-10,509,2,Sale,-9,Sale
7482,2025-09-22,504,2,Sale,-3,Sale
7483,2025-06-09,501,6,Return,4,Return
7484,2025-03-22,511,2,Receipt,8,Receipt
7485,2025-12-09,501,5,Adjustment,-19,Adjustment
7486,2025-01-20,517,6,Transfer,15,Transfer
7487,2025-10-21,524,5,Adjustment,-1,Adjustment
7488,2025-08-21,504,5,Receipt,13,Receipt
7489,2025-09-27,507,2,Return,15,Return
7490,2025-02-23,509,6,Receipt,7,Receipt
7491,2025-06-11,516,3,Adjustment,-9,Adjustment
7492,2025-06-17,522,8,Sale,-15,Sale
7493,2025-01-28,515,5,Return,9,Return
7494,2025-04-20,515,5,Receipt,8,Receipt
7495,2025-11-18,519,10,Transfer,20,Transfer
7496,2025-01-02,520,4,Return,15,Return
7497,2025-02-24,523,4,Sale,-20,Sale
7498,2025-05-28,503,3,Adjustment,-20,Adjustment
7499,2025-02-06,501,7,Adjustment,-10,Adjustment
7500,2025-03-27,514,8,Receipt,8,Receipt
7501,2025-02-03,523,9,Transfer,8,Transfer
7502,2025-09-08,513,4,Receipt,12,Receipt
7503,2025-02-11,501,9,Receipt,2,Receipt
7504,2025-11-26,511,5,Return,13,Return
7505,2025-03-26,511,4,Adjustment,-4,Adjustment
7506,2025-07-18,510,1,Adjustment,-2,Adjustment
7507,2025-08-14,510,9,Receipt,9,Receipt
7508,2025-11-03,510,9,Adjustment,-15,Adjustment
7509,2025-09-23,519,5,Adjustment,-19,Adjustment
7510,2025-09-22,503,8,Return,9,Return
7511,2025-07-27,504,1,Receipt,8,Receipt
7512,2025-08-28,501,2,Receipt,15,Receipt
7513,2025-04-24,521,8,Adjustment,-16,Adjustment
7514,2025-06-08,520,4,Transfer,19,Transfer
7515,2025-08-16,517,2,Sale,-2,Sale
7516,2025-08-15,504,10,Receipt,3,Receipt
7517,2025-01-19,509,10,Adjustment,-2,Adjustment
7518,2025-02-17,509,5,Receipt,6,Receipt
7519,2025-07-02,511,10,Transfer,3,Transfer
7520,2025-05-24,508,4,Adjustment,-15,Adjustment
7521,2025-06-05,522,10,Sale,-17,Sale
7522,2025-07-11,506,4,Adjustment,-11,Adjustment
7523,2025-09-03,525,1,Return,4,Return
7524,2025-07-04,508,1,Sale,-8,Sale
7525,2025-11-13,523,10,Receipt,10,Receipt
7526,2025-07-16,521,7,Return,6,Return
7527,2025-07-17,523,2,Transfer,7,Transfer
7528,2025-11-28,515,4,Return,16,Return
7529,2025-04-21,519,5,Receipt,15,Receipt
7530,2025-05-20,517,8,Adjustment,-5,Adjustment
7531,2025-10-14,512,9,Sale,-7,Sale
7532,2025-12-05,508,10,Adjustment,-11,Adjustment
7533,2025-12-04,513,9,Sale,-16,Sale
7534,2025-05-14,523,2,Adjustment,-3,Adjustment
7535,2025-10-23,507,2,Sale,-9,Sale
7536,2025-07-19,515,1,Adjustment,-20,Adjustment
7537,2025-07-07,512,9,Adjustment,-1,Adjustment
7538,2025-04-28,511,8,Receipt,16,Receipt
7539,2025-03-02,523,2,Return,5,Return
7540,2025-06-23,501,7,Adjustment,-5,Adjustment
7541,2025-11-10,507,6,Return,18,Return
7542,2025-06-04,513,4,Transfer,13,Transfer
7543,2025-12-22,520,8,Return,18,Return
7544,2025-06-01,522,6,Receipt,4,Receipt
7545,2025-01-03,508,10,Transfer,16,Transfer
7546,2025-12-05,505,8,Sale,-9,Sale
7547,2025-07-22,513,10,Receipt,18,Receipt
7548,2025-06-14,505,10,Sale,-12,Sale
7549,2025-01-13,520,3,Receipt,11,Receipt
7550,2025-01-04,502,2,Adjustment,-2,Adjustment
7551,2025-02-12,511,7,Receipt,2,Receipt
7552,2025-02-06,519,8,Receipt,14,Receipt
7553,2025-05-13,509,10,Sale,-18,Sale
7554,2025-03-13,503,4,Return,3,Return
7555,2025-12-11,524,9,Receipt,2,Receipt
7556,2025-12-02,525,4,Return,5,Return
7557,2025-12-07,513,10,Return,10,Return
7558,2025-12-15,522,9,Return,2,Return
7559,2025-03-07,507,4,Adjustment,-16,Adjustment
7560,2025-05-16,522,5,Receipt,2,Receipt
7561,2025-09-10,522,8,Return,4,Return
7562,2025-07-05,511,7,Sale,-14,Sale
7563,2025-03-12,505,2,Receipt,20,Receipt
7564,2025-03-11,505,1,Return,18,Return
7565,2025-02-11,517,7,Adjustment,-7,Adjustment
7566,2025-09-04,513,2,Transfer,4,Transfer
7567,2025-03-21,507,7,Sale,-1,Sale
7568,2025-12-20,521,7,Transfer,4,Transfer
7569,2025-08-05,517,4,Return,8,Return
7570,2025-10-30,503,7,Transfer,20,Transfer
7571,2025-05-21,501,4,Adjustment,-14,Adjustment
7572,2025-10-23,522,2,Sale,-8,Sale
7573,2025-12-04,506,6,Return,8,Return
7574,2025-03-18,521,7,Sale,-18,Sale
7575,2025-03-31,513,10,Adjustment,-4,Adjustment
7576,2025-10-26,509,10,Sale,-15,Sale
7577,2025-06-14,506,3,Return,19,Return
7578,2025-11-11,514,5,Transfer,6,Transfer
7579,2025-12-17,517,5,Transfer,10,Transfer
7580,2025-12-27,524,9,Sale,-14,Sale
7581,2025-02-27,504,2,Adjustment,-17,Adjustment
7582,2025-04-24,502,7,Transfer,8,Transfer
7583,2025-11-06,523,9,Transfer,1,Transfer
7584,2025-10-15,516,8,Receipt,11,Receipt
7585,2025-06-12,523,6,Receipt,11,Receipt
7586,2025-11-24,513,3,Return,2,Return
7587,2025-09-03,520,1,Adjustment,-17,Adjustment
7588,2025-10-23,504,3,Sale,-12,Sale
7589,2025-07-19,508,8,Receipt,9,Receipt
7590,2025-07-31,506,7,Sale,-4,Sale
7591,2025-04-21,505,4,Adjustment,-1,Adjustment
7592,2025-06-02,503,9,Transfer,17,Transfer
7593,2025-11-15,511,6,Receipt,6,Receipt
7594,2025-10-18,516,8,Return,19,Return
7595,2025-10-20,507,10,Sale,-15,Sale
7596,2025-10-24,511,6,Transfer,16,Transfer
7597,2025-11-26,505,5,Receipt,19,Receipt
7598,2025-12-16,503,2,Adjustment,-9,Adjustment
7599,2025-12-12,507,7,Receipt,16,Receipt
7600,2025-04-22,523,9,Adjustment,-1,Adjustment
7601,2025-07-01,513,8,Adjustment,-5,Adjustment
7602,2025-02-22,506,6,Adjustment,-4,Adjustment
7603,2025-03-24,507,4,Return,10,Return
7604,2025-10-06,502,6,Receipt,1,Receipt
7605,2025-01-17,524,9,Adjustment,-8,Adjustment
7606,2025-03-27,521,5,Sale,-19,Sale
7607,2025-09-19,515,4,Return,5,Return
7608,2025-01-21,516,9,Sale,-4,Sale
7609,2025-02-12,506,8,Return,7,Return
7610,2025-06-30,525,5,Sale,-14,Sale
7611,2025-03-18,506,1,Return,12,Return
7612,2025-01-04,503,10,Adjustment,-5,Adjustment
7613,2025-10-09,510,3,Adjustment,-1,Adjustment
7614,2025-05-10,522,2,Return,16,Return
7615,2025-09-08,520,7,Adjustment,-6,Adjustment
7616,2025-06-17,503,3,Sale,-13,Sale
7617,2025-06-30,511,2,Return,11,Return
7618,2025-07-06,503,1,Receipt,1,Receipt
7619,2025-11-13,510,9,Return,4,Return
7620,2025-03-07,514,3,Transfer,5,Transfer
7621,2025-01-07,507,7,Sale,-2,Sale
7622,2025-03-10,505,4,Receipt,15,Receipt
7623,2025-03-20,524,9,Transfer,2,Transfer
7624,2025-12-28,507,5,Sale,-1,Sale
7625,2025-04-12,515,6,Sale,-9,Sale
7626,2025-02-28,514,10,Sale,-19,Sale
7627,2025-01-16,520,2,Sale,-18,Sale
7628,2025-04-24,504,7,Adjustment,-13,Adjustment
7629,2025-07-17,518,8,Adjustment,-20,Adjustment
7630,2025-05-08,507,1,Transfer,1,Transfer
7631,2025-05-23,509,2,Transfer,12,Transfer
7632,2025-02-20,514,7,Receipt,13,Receipt
7633,2025-08-26,501,1,Transfer,19,Transfer
7634,2025-05-29,524,6,Return,10,Return
7635,2025-02-21,511,2,Return,1,Return
7636,2025-06-03,505,10,Adjustment,-14,Adjustment
7637,2025-09-22,501,10,Adjustment,-6,Adjustment
7638,2025-02-19,504,6,Sale,-10,Sale
7639,2025-01-10,521,10,Receipt,11,Receipt
7640,2025-10-21,523,7,Adjustment,-20,Adjustment
7641,2025-03-04,511,3,Receipt,7,Receipt
7642,2025-03-23,523,4,Transfer,12,Transfer
7643,2025-12-05,518,1,Sale,-5,Sale
7644,2025-10-08,507,8,Transfer,17,Transfer
7645,2025-05-01,512,5,Adjustment,-10,Adjustment
7646,2025-09-12,513,3,Receipt,10,Receipt
7647,2025-11-02,512,1,Transfer,7,Transfer
7648,2025-03-01,511,3,Receipt,3,Receipt
7649,2025-09-17,522,7,Transfer,11,Transfer
7650,2025-08-17,523,9,Sale,-15,Sale
7651,2025-04-01,513,1,Return,18,Return
7652,2025-08-16,509,9,Sale,-3,Sale
7653,2025-05-02,501,5,Return,1,Return
7654,2025-09-17,501,10,Transfer,18,Transfer
7655,2025-10-06,514,2,Adjustment,-4,Adjustment
7656,2025-04-02,520,4,Transfer,5,Transfer
7657,2025-12-21,525,5,Transfer,11,Transfer
7658,2025-04-03,502,6,Transfer,20,Transfer
7659,2025-07-28,515,6,Transfer,19,Transfer
7660,2025-11-03,520,2,Adjustment,-16,Adjustment
7661,2025-08-18,519,9,Receipt,7,Receipt
7662,2025-12-29,510,6,Sale,-1,Sale
7663,2025-03-15,515,5,Adjustment,-14,Adjustment
7664,2025-02-14,513,1,Transfer,4,Transfer
7665,2025-07-02,517,10,Return,19,Return
7666,2025-02-25,512,3,Adjustment,-2,Adjustment
7667,2025-04-16,507,7,Sale,-4,Sale
7668,2025-07-12,502,1,Return,20,Return
7669,2025-05-20,515,7,Return,7,Return
7670,2025-12-10,517,10,Receipt,5,Receipt
7671,2025-11-13,524,4,Return,19,Return
7672,2025-05-24,513,2,Receipt,16,Receipt
7673,2025-10-20,520,8,Receipt,8,Receipt
7674,2025-03-06,515,2,Return,20,Return
7675,2025-01-25,508,4,Transfer,13,Transfer
7676,2025-10-04,517,6,Return,16,Return
7677,2025-07-07,524,9,Sale,-17,Sale
7678,2025-07-23,517,2,Return,17,Return
7679,2025-05-01,519,8,Return,9,Return
7680,2025-01-27,523,10,Adjustment,-8,Adjustment
7681,2025-08-29,508,8,Receipt,1,Receipt
7682,2025-11-12,519,10,Return,10,Return
7683,2025-06-10,515,5,Transfer,9,Transfer
7684,2025-02-26,502,8,Transfer,9,Transfer
7685,2025-03-29,524,7,Adjustment,-19,Adjustment
7686,2025-11-24,525,6,Sale,-13,Sale
7687,2025-06-02,525,8,Transfer,8,Transfer
7688,2025-02-25,523,7,Transfer,19,Transfer
7689,2025-05-08,511,10,Receipt,9,Receipt
7690,2025-11-09,517,6,Return,7,Return
7691,2025-08-25,520,10,Return,2,Return
7692,2025-09-17,511,8,Adjustment,-12,Adjustment
7693,2025-12-11,516,6,Return,8,Return
7694,2025-02-06,513,8,Adjustment,-18,Adjustment
7695,2025-04-22,510,1,Return,10,Return
7696,2025-01-30,515,2,Adjustment,-7,Adjustment
7697,2025-07-18,504,4,Adjustment,-15,Adjustment
7698,2025-11-25,521,1,Transfer,1,Transfer
7699,2025-10-01,507,7,Adjustment,-17,Adjustment
7700,2025-03-18,507,4,Return,6,Return
7701,2025-05-25,501,4,Return,11,Return
7702,2025-10-25,519,10,Sale,-14,Sale
7703,2025-10-11,511,1,Transfer,5,Transfer
7704,2025-02-14,525,3,Sale,-8,Sale
7705,2025-04-11,506,8,Adjustment,-11,Adjustment
7706,2025-12-22,522,6,Sale,-11,Sale
7707,2025-11-16,515,3,Receipt,10,Receipt
7708,2025-12-20,502,4,Transfer,20,Transfer
7709,2025-05-06,509,8,Sale,-5,Sale
7710,2025-05-30,514,10,Adjustment,-3,Adjustment
7711,2025-10-27,508,6,Transfer,2,Transfer
7712,2025-06-26,523,8,Transfer,12,Transfer
7713,2025-01-19,502,7,Receipt,5,Receipt
7714,2025-05-09,503,4,Receipt,16,Receipt
7715,2025-05-16,512,10,Adjustment,-10,Adjustment
7716,2025-07-20,504,3,Transfer,16,Transfer
7717,2025-10-16,508,10,Receipt,18,Receipt
7718,2025-09-02,522,1,Receipt,5,Receipt
7719,2025-01-16,515,7,Adjustment,-11,Adjustment
7720,2025-03-28,505,9,Receipt,5,Receipt
7721,2025-07-06,513,5,Sale,-1,Sale
7722,2025-10-13,523,6,Transfer,14,Transfer
7723,2025-05-12,512,6,Sale,-1,Sale
7724,2025-10-25,511,1,Transfer,11,Transfer
7725,2025-04-19,523,6,Sale,-14,Sale
7726,2025-09-13,516,8,Adjustment,-1,Adjustment
7727,2025-12-11,510,4,Return,20,Return
7728,2025-09-07,514,4,Sale,-5,Sale
7729,2025-02-01,509,7,Return,20,Return
7730,2025-09-24,506,4,Receipt,1,Receipt
7731,2025-07-13,524,3,Adjustment,-19,Adjustment
7732,2025-01-09,506,3,Adjustment,-19,Adjustment
7733,2025-10-16,515,6,Sale,-2,Sale
7734,2025-07-25,504,8,Transfer,1,Transfer
7735,2025-08-10,521,8,Return,2,Return
7736,2025-06-24,522,2,Receipt,3,Receipt
7737,2025-01-29,507,10,Sale,-2,Sale
7738,2025-06-08,520,1,Sale,-9,Sale
7739,2025-11-03,516,3,Adjustment,-14,Adjustment
7740,2025-04-04,524,2,Receipt,13,Receipt
7741,2025-12-18,508,4,Return,7,Return
7742,2025-11-02,506,10,Return,3,Return
7743,2025-03-17,504,1,Adjustment,-20,Adjustment
7744,2025-01-13,516,2,Transfer,8,Transfer
7745,2025-08-02,502,1,Sale,-6,Sale
7746,2025-03-16,517,4,Return,5,Return
7747,2025-05-24,506,8,Adjustment,-15,Adjustment
7748,2025-05-27,520,9,Receipt,11,Receipt
7749,2025-10-05,518,8,Transfer,16,Transfer
7750,2025-03-16,502,7,Sale,-18,Sale
7751,2025-03-23,523,9,Sale,-5,Sale
7752,2025-03-27,514,10,Receipt,3,Receipt
7753,2025-05-30,509,7,Return,2,Return
7754,2025-09-15,519,6,Adjustment,-12,Adjustment
7755,2025-09-09,514,1,Sale,-9,Sale
7756,2025-12-21,501,7,Return,14,Return
7757,2025-03-21,523,5,Transfer,15,Transfer
7758,2025-07-05,515,4,Transfer,6,Transfer
7759,2025-08-27,523,5,Adjustment,-18,Adjustment
7760,2025-10-08,518,5,Adjustment,-16,Adjustment
7761,2025-01-02,523,10,Receipt,15,Receipt
7762,2025-06-12,516,8,Transfer,14,Transfer
7763,2025-08-11,503,3,Adjustment,-2,Adjustment
7764,2025-09-14,520,8,Return,17,Return
7765,2025-06-06,505,7,Sale,-18,Sale
7766,2025-11-03,505,9,Return,2,Return
7767,2025-12-18,524,2,Sale,-13,Sale
7768,2025-03-03,515,1,Adjustment,-9,Adjustment
7769,2025-04-11,516,2,Receipt,11,Receipt
7770,2025-01-18,511,7,Return,14,Return
7771,2025-09-21,501,4,Adjustment,-18,Adjustment
7772,2025-07-13,510,8,Receipt,13,Receipt
7773,2025-11-22,503,3,Return,12,Return
7774,2025-09-26,507,2,Adjustment,-19,Adjustment
7775,2025-03-10,518,6,Sale,-9,Sale
7776,2025-12-11,522,5,Sale,-12,Sale
7777,2025-01-10,503,10,Receipt,13,Receipt
7778,2025-11-12,518,5,Return,3,Return
7779,2025-09-25,515,1,Return,1,Return
7780,2025-01-01,523,9,Receipt,16,Receipt
7781,2025-02-22,512,3,Adjustment,-16,Adjustment
7782,2025-08-28,521,2,Receipt,16,Receipt
7783,2025-05-27,502,5,Receipt,16,Receipt
7784,2025-08-06,518,10,Sale,-8,Sale
7785,2025-11-02,513,8,Transfer,15,Transfer
7786,2025-07-31,503,1,Sale,-10,Sale
7787,2025-02-16,502,10,Transfer,3,Transfer
7788,2025-12-13,516,1,Receipt,2,Receipt
7789,2025-10-12,524,6,Receipt,16,Receipt
7790,2025-01-07,512,1,Receipt,6,Receipt
7791,2025-12-07,510,10,Sale,-12,Sale
7792,2025-12-18,525,4,Adjustment,-6,Adjustment
7793,2025-01-17,503,1,Return,6,Return
7794,2025-08-29,512,10,Sale,-20,Sale
7795,2025-05-18,521,8,Return,16,Return
7796,2025-11-03,514,6,Transfer,8,Transfer
7797,2025-06-08,509,3,Return,15,Return
7798,2025-07-16,522,10,Transfer,5,Transfer
7799,2025-01-29,510,2,Transfer,6,Transfer
7800,2025-02-27,512,4,Adjustment,-10,Adjustment
