survey_id,customer_id,survey_date,satisfaction_score,nps_category,response_count,channel
4001,392,2025-10-04,4.9,Promoter,5,InStore
4002,401,2025-01-28,4.7,Detractor,3,InStore
4003,284,2025-11-11,3.2,Detractor,5,Email
4004,372,2025-05-08,4.5,Passive,4,InStore
4005,192,2025-03-03,3.1,Detractor,2,SMS
4006,146,2025-12-17,4.9,Promoter,1,SMS
4007,309,2025-06-25,4.4,Promoter,4,Email
4008,150,2025-05-10,3.7,Passive,3,SMS
4009,147,2025-06-29,3.5,Promoter,2,InStore
4010,425,2025-09-26,3.7,Passive,1,SMS
4011,111,2025-12-16,3.1,Promoter,5,SMS
4012,149,2025-01-07,3.0,Detractor,2,Email
4013,268,2025-10-18,3.6,Passive,4,InStore
4014,292,2025-11-14,4.9,Promoter,1,SMS
4015,194,2025-12-16,3.4,Promoter,5,Email
4016,408,2025-12-28,4.1,Detractor,3,Email
4017,360,2025-11-15,4.6,Promoter,2,Email
4018,376,2025-05-30,4.6,Promoter,1,Email
4019,279,2025-02-21,4.2,Promoter,2,SMS
4020,199,2025-06-22,3.3,Passive,5,SMS
4021,438,2025-03-01,4.7,Passive,5,InStore
4022,384,2025-05-03,3.7,Promoter,1,SMS
4023,197,2025-09-03,3.1,Promoter,4,InStore
4024,403,2025-12-02,4.7,Promoter,1,SMS
4025,370,2025-07-21,4.2,Promoter,5,InStore
4026,430,2025-04-12,3.6,Promoter,2,SMS
4027,421,2025-09-09,3.8,Promoter,4,Email
4028,352,2025-07-19,3.6,Promoter,1,SMS
4029,355,2025-09-28,4.5,Passive,3,Email
4030,197,2025-10-20,3.6,Promoter,1,InStore
4031,189,2025-01-25,4.5,Promoter,3,SMS
4032,298,2025-12-17,3.7,Promoter,2,SMS
4033,361,2025-12-15,4.7,Promoter,5,InStore
4034,123,2025-04-24,3.2,Detractor,2,InStore
4035,264,2025-10-20,4.4,Promoter,1,InStore
4036,414,2025-12-19,3.1,Promoter,1,Email
4037,249,2025-06-19,4.8,Passive,1,Email
4038,300,2025-01-23,3.7,Passive,2,Email
4039,173,2025-08-05,3.5,Passive,5,InStore
4040,393,2025-05-20,3.4,Detractor,3,SMS
4041,106,2025-04-08,4.6,Promoter,4,SMS
4042,230,2025-01-22,3.0,Passive,5,InStore
4043,330,2025-11-23,4.3,Promoter,2,Email
4044,160,2025-04-04,4.8,Promoter,2,InStore
4045,268,2025-12-15,4.9,Promoter,2,InStore
4046,304,2025-10-19,4.1,Promoter,3,SMS
4047,156,2025-04-14,3.8,Detractor,1,Email
4048,385,2025-01-19,3.4,Promoter,4,SMS
4049,346,2025-07-18,3.2,Promoter,1,Email
4050,143,2025-08-13,3.5,Passive,1,InStore
4051,174,2025-09-15,4.2,Promoter,4,Email
4052,208,2025-03-20,3.1,Promoter,3,SMS
4053,229,2025-11-26,3.7,Promoter,2,Email
4054,301,2025-02-02,3.3,Promoter,4,Email
4055,195,2025-01-13,3.7,Passive,2,SMS
4056,136,2025-03-24,4.2,Promoter,2,Email
4057,381,2025-07-29,3.1,Passive,3,InStore
4058,374,2025-06-14,4.2,Promoter,1,SMS
4059,120,2025-01-04,4.8,Passive,2,SMS
4060,102,2025-10-18,3.1,Promoter,5,Email
4061,215,2025-11-29,4.1,Promoter,1,SMS
4062,393,2025-08-19,3.6,Passive,4,InStore
4063,222,2025-11-22,4.2,Promoter,4,SMS
4064,346,2025-04-25,3.9,Detractor,2,Email
4065,247,2025-05-12,4.9,Promoter,2,Email
4066,289,2025-01-22,3.9,Promoter,1,SMS
4067,311,2025-03-06,4.7,Detractor,5,InStore
4068,281,2025-08-02,4.9,Promoter,2,SMS
4069,332,2025-06-22,4.9,Promoter,4,SMS
4070,441,2025-05-06,3.3,Promoter,4,Email
4071,198,2025-12-04,3.4,Detractor,5,InStore
4072,287,2025-07-29,4.1,Passive,4,SMS
4073,430,2025-02-25,3.4,Promoter,3,InStore
4074,434,2025-11-16,3.6,Passive,4,SMS
4075,127,2025-03-22,3.4,Promoter,2,InStore
4076,297,2025-01-13,3.9,Detractor,5,InStore
4077,206,2025-12-15,4.1,Promoter,4,InStore
4078,180,2025-03-19,4.2,Passive,4,SMS
4079,263,2025-09-07,3.5,Passive,4,SMS
4080,413,2025-01-19,4.1,Passive,5,InStore
4081,150,2025-01-28,3.2,Promoter,1,SMS
4082,147,2025-03-19,4.9,Promoter,3,Email
4083,258,2025-10-26,3.7,Detractor,1,SMS
4084,344,2025-02-21,4.4,Promoter,3,InStore
4085,182,2025-11-13,3.3,Promoter,2,SMS
4086,182,2025-05-24,4.1,Promoter,5,InStore
4087,228,2025-08-16,4.3,Promoter,1,Email
4088,121,2025-09-02,4.8,Promoter,2,Email
4089,111,2025-08-14,4.4,Passive,5,InStore
4090,393,2025-09-09,3.9,Promoter,2,InStore
4091,391,2025-07-09,4.8,Detractor,3,Email
4092,191,2025-03-18,4.2,Passive,2,Email
4093,443,2025-12-31,4.9,Promoter,2,Email
4094,282,2025-11-15,5.0,Promoter,5,InStore
4095,314,2025-09-20,3.7,Promoter,2,SMS
4096,367,2025-01-27,4.0,Detractor,1,InStore
4097,223,2025-06-22,3.5,Detractor,3,Email
4098,240,2025-01-17,4.3,Promoter,4,Email
4099,420,2025-07-14,4.5,Promoter,1,Email
4100,341,2025-05-19,3.8,Passive,4,InStore
4101,293,2025-08-06,3.7,Promoter,3,SMS
4102,276,2025-10-10,4.9,Passive,2,Email
4103,351,2025-12-10,3.5,Detractor,3,Email
4104,442,2025-01-12,4.7,Detractor,3,Email
4105,155,2025-03-20,3.1,Promoter,2,InStore
4106,222,2025-01-07,4.7,Promoter,1,InStore
4107,275,2025-08-24,3.1,Promoter,5,InStore
4108,270,2025-03-13,4.2,Promoter,1,Email
4109,142,2025-01-02,3.2,Detractor,2,SMS
4110,220,2025-06-14,3.1,Promoter,2,InStore
4111,372,2025-09-11,4.0,Promoter,2,InStore
4112,196,2025-02-01,3.6,Passive,4,SMS
4113,195,2025-04-12,3.0,Promoter,5,SMS
4114,174,2025-03-05,4.2,Promoter,5,InStore
4115,139,2025-04-27,3.4,Promoter,2,Email
4116,303,2025-11-24,3.6,Promoter,5,SMS
4117,212,2025-05-04,3.5,Promoter,4,InStore
4118,104,2025-02-01,3.6,Promoter,3,Email
4119,353,2025-08-09,4.8,Promoter,3,Email
4120,446,2025-02-15,3.0,Passive,4,SMS
4121,402,2025-02-03,4.4,Passive,3,InStore
4122,235,2025-09-03,3.9,Passive,3,SMS
4123,356,2025-04-08,4.5,Promoter,3,Email
4124,401,2025-08-27,3.1,Promoter,2,SMS
4125,267,2025-08-20,3.9,Detractor,4,Email
4126,173,2025-03-13,3.8,Promoter,4,SMS
4127,296,2025-12-05,3.8,Promoter,2,Email
4128,178,2025-01-09,4.9,Promoter,5,SMS
4129,342,2025-09-12,3.5,Promoter,2,SMS
4130,182,2025-05-23,4.7,Detractor,3,Email
4131,198,2025-08-11,4.2,Promoter,4,Email
4132,350,2025-06-15,3.7,Promoter,1,InStore
4133,345,2025-09-11,3.6,Promoter,5,Email
4134,314,2025-03-23,3.0,Promoter,4,SMS
4135,423,2025-03-04,4.4,Promoter,3,InStore
4136,167,2025-12-19,3.6,Passive,5,Email
4137,290,2025-08-17,4.9,Promoter,5,SMS
4138,314,2025-04-30,3.4,Promoter,2,SMS
4139,425,2025-10-23,4.6,Promoter,4,SMS
4140,200,2025-10-21,4.9,Passive,2,Email
4141,404,2025-09-08,3.5,Passive,5,InStore
4142,341,2025-07-16,3.6,Detractor,1,Email
4143,420,2025-11-05,3.2,Promoter,3,InStore
4144,237,2025-05-22,3.9,Passive,1,InStore
4145,174,2025-05-07,4.7,Promoter,3,Email
4146,425,2025-09-05,3.7,Passive,1,InStore
4147,175,2025-06-10,4.9,Promoter,3,InStore
4148,375,2025-11-02,4.6,Passive,2,InStore
4149,162,2025-04-10,4.5,Passive,3,InStore
4150,359,2025-12-25,3.5,Promoter,3,Email
4151,253,2025-01-15,3.4,Promoter,3,InStore
4152,430,2025-03-17,3.2,Promoter,4,SMS
4153,421,2025-06-10,4.1,Promoter,4,Email
4154,241,2025-08-21,3.6,Passive,4,SMS
4155,184,2025-03-05,3.3,Detractor,5,Email
4156,268,2025-07-12,4.0,Promoter,5,InStore
4157,114,2025-06-17,4.3,Promoter,4,InStore
4158,118,2025-01-21,3.6,Passive,3,InStore
4159,129,2025-03-13,4.0,Detractor,2,Email
4160,153,2025-02-17,3.3,Passive,5,SMS
4161,283,2025-02-05,3.2,Promoter,3,SMS
4162,306,2025-07-22,3.1,Promoter,5,InStore
4163,180,2025-08-18,4.6,Passive,5,Email
4164,160,2025-12-16,3.5,Promoter,3,InStore
4165,113,2025-09-03,4.3,Passive,1,Email
4166,122,2025-03-12,4.5,Detractor,2,InStore
4167,264,2025-07-22,3.8,Passive,3,Email
4168,362,2025-12-23,4.0,Passive,3,SMS
4169,382,2025-04-17,3.1,Promoter,1,Email
4170,399,2025-10-25,3.0,Passive,4,SMS
4171,361,2025-01-04,3.8,Promoter,2,InStore
4172,419,2025-07-18,3.5,Promoter,3,Email
4173,204,2025-05-14,3.5,Promoter,5,SMS
4174,162,2025-11-30,3.9,Promoter,3,InStore
4175,363,2025-07-18,3.4,Promoter,4,Email
4176,206,2025-06-02,4.5,Passive,2,InStore
4177,446,2025-07-04,4.8,Passive,2,SMS
4178,128,2025-05-10,4.1,Detractor,2,Email
4179,362,2025-04-03,3.6,Promoter,1,SMS
4180,206,2025-06-17,4.9,Promoter,4,SMS
4181,301,2025-09-03,4.5,Detractor,5,InStore
4182,406,2025-05-08,4.6,Passive,3,Email
4183,416,2025-11-14,4.8,Detractor,1,Email
4184,106,2025-07-15,4.9,Promoter,3,InStore
4185,391,2025-11-27,3.2,Promoter,2,Email
4186,317,2025-01-12,3.2,Promoter,3,SMS
4187,118,2025-04-15,3.6,Promoter,1,Email
4188,426,2025-03-31,4.8,Detractor,1,Email
4189,158,2025-10-24,4.4,Promoter,1,InStore
4190,386,2025-09-03,3.5,Passive,3,Email
4191,179,2025-01-16,3.1,Passive,2,Email
4192,355,2025-01-07,4.7,Promoter,4,InStore
4193,123,2025-12-30,4.9,Detractor,1,SMS
4194,346,2025-05-20,4.6,Promoter,2,Email
4195,221,2025-01-23,4.6,Detractor,4,InStore
4196,323,2025-04-29,4.9,Promoter,5,InStore
4197,125,2025-08-22,3.7,Promoter,3,SMS
4198,379,2025-10-10,3.7,Detractor,2,InStore
4199,175,2025-03-31,4.5,Promoter,3,InStore
4200,306,2025-05-30,3.9,Promoter,3,Email
4201,445,2025-08-10,4.4,Promoter,4,Email
4202,409,2025-07-03,4.8,Promoter,3,InStore
4203,339,2025-03-26,4.5,Detractor,4,Email
4204,276,2025-03-16,4.8,Detractor,5,InStore
4205,275,2025-10-21,4.3,Passive,5,Email
4206,206,2025-02-27,3.2,Promoter,4,InStore
4207,379,2025-05-11,4.0,Promoter,1,InStore
4208,441,2025-06-21,4.5,Passive,2,SMS
4209,160,2025-10-08,4.5,Passive,3,SMS
4210,368,2025-07-28,3.4,Promoter,4,InStore
4211,155,2025-12-22,4.3,Promoter,2,Email
4212,101,2025-02-06,4.6,Promoter,5,InStore
4213,257,2025-04-18,4.5,Promoter,2,InStore
4214,427,2025-01-09,4.9,Promoter,1,Email
4215,252,2025-12-15,3.4,Passive,1,Email
4216,135,2025-07-03,3.9,Promoter,3,InStore
4217,307,2025-07-18,4.4,Promoter,1,SMS
4218,207,2025-09-02,3.9,Promoter,3,InStore
4219,415,2025-01-17,3.1,Promoter,5,SMS
4220,264,2025-07-16,3.1,Passive,3,InStore
4221,151,2025-06-29,4.4,Passive,4,InStore
4222,352,2025-02-14,3.8,Detractor,1,SMS
4223,230,2025-11-20,3.2,Promoter,5,Email
4224,333,2025-08-29,4.5,Promoter,4,Email
4225,266,2025-08-20,4.1,Passive,3,Email
4226,415,2025-10-31,3.2,Passive,4,InStore
4227,115,2025-08-26,3.9,Promoter,5,SMS
4228,390,2025-01-25,4.6,Promoter,4,SMS
4229,400,2025-08-20,4.4,Promoter,1,SMS
4230,184,2025-02-26,3.6,Promoter,1,InStore
4231,180,2025-01-03,3.4,Promoter,1,SMS
4232,435,2025-04-04,4.5,Promoter,2,Email
4233,275,2025-08-16,4.7,Promoter,5,InStore
4234,160,2025-11-06,3.3,Promoter,1,InStore
4235,113,2025-08-09,4.0,Passive,4,Email
4236,369,2025-08-31,4.3,Promoter,3,Email
4237,243,2025-02-03,4.1,Promoter,4,Email
4238,235,2025-05-05,3.9,Promoter,3,Email
4239,162,2025-12-07,3.3,Promoter,1,Email
4240,329,2025-02-04,3.7,Promoter,5,InStore
4241,195,2025-04-29,3.8,Promoter,5,Email
4242,176,2025-01-06,3.3,Passive,3,SMS
4243,131,2025-12-07,4.6,Promoter,5,SMS
4244,400,2025-03-12,3.0,Detractor,5,SMS
4245,225,2025-09-01,4.6,Promoter,4,SMS
4246,346,2025-11-21,3.2,Promoter,2,InStore
4247,378,2025-09-19,3.3,Promoter,1,Email
4248,135,2025-10-17,4.0,Detractor,4,Email
4249,227,2025-04-26,4.7,Promoter,4,SMS
4250,309,2025-06-14,4.5,Promoter,1,SMS
4251,115,2025-07-20,4.3,Detractor,2,SMS
4252,411,2025-11-11,4.5,Promoter,2,InStore
4253,309,2025-09-12,3.5,Promoter,2,Email
4254,322,2025-02-13,3.1,Promoter,5,InStore
4255,175,2025-08-26,3.7,Promoter,1,InStore
4256,275,2025-06-07,4.7,Passive,3,SMS
4257,362,2025-12-19,3.8,Detractor,4,InStore
4258,387,2025-03-12,4.2,Passive,5,SMS
4259,273,2025-09-30,4.4,Detractor,1,InStore
4260,416,2025-05-19,3.5,Promoter,1,SMS
4261,405,2025-06-15,3.5,Detractor,5,Email
4262,390,2025-06-21,3.7,Promoter,2,InStore
4263,447,2025-12-09,3.6,Promoter,4,InStore
4264,197,2025-12-19,4.8,Promoter,5,SMS
4265,198,2025-04-15,4.4,Promoter,3,SMS
4266,398,2025-05-30,3.3,Passive,5,InStore
4267,227,2025-06-22,4.2,Passive,2,Email
4268,432,2025-05-19,3.7,Promoter,4,InStore
4269,336,2025-02-06,3.7,Promoter,5,SMS
4270,164,2025-01-02,4.6,Detractor,4,Email
4271,197,2025-10-09,4.9,Promoter,3,InStore
4272,242,2025-01-27,4.1,Promoter,5,SMS
4273,422,2025-07-18,4.2,Promoter,4,SMS
4274,162,2025-01-28,3.4,Promoter,2,Email
4275,136,2025-03-07,3.2,Promoter,3,Email
4276,317,2025-01-31,3.1,Passive,2,Email
4277,158,2025-05-26,5.0,Passive,3,SMS
4278,224,2025-05-17,3.4,Passive,2,InStore
4279,282,2025-06-12,3.3,Promoter,2,Email
4280,188,2025-03-24,3.4,Passive,4,Email
4281,393,2025-09-06,5.0,Promoter,5,Email
4282,149,2025-08-24,4.7,Promoter,2,InStore
4283,185,2025-01-02,4.8,Promoter,2,Email
4284,444,2025-07-17,3.9,Detractor,3,SMS
4285,210,2025-12-31,3.2,Promoter,2,SMS
4286,327,2025-11-11,4.5,Promoter,2,SMS
4287,112,2025-12-11,4.5,Promoter,5,SMS
4288,324,2025-09-17,3.7,Promoter,5,InStore
4289,299,2025-12-27,4.2,Promoter,4,Email
4290,408,2025-04-22,3.3,Promoter,4,SMS
4291,281,2025-04-29,3.5,Passive,4,SMS
4292,408,2025-10-16,4.9,Passive,4,Email
4293,431,2025-07-19,3.9,Passive,1,InStore
4294,277,2025-08-17,3.8,Promoter,3,SMS
4295,146,2025-07-07,3.5,Promoter,4,SMS
4296,346,2025-11-27,3.3,Detractor,2,InStore
4297,407,2025-07-15,4.6,Passive,5,SMS
4298,125,2025-02-17,3.2,Detractor,2,InStore
4299,384,2025-05-11,3.5,Promoter,1,SMS
4300,177,2025-04-06,3.3,Promoter,3,Email
4301,310,2025-02-17,3.3,Promoter,3,InStore
4302,127,2025-04-01,4.3,Passive,5,SMS
4303,381,2025-05-01,4.9,Detractor,4,Email
4304,201,2025-02-21,4.4,Promoter,5,SMS
4305,192,2025-07-08,3.2,Promoter,5,InStore
4306,192,2025-01-05,4.1,Promoter,2,SMS
4307,188,2025-09-16,4.0,Promoter,3,Email
4308,302,2025-03-09,3.3,Promoter,2,Email
4309,412,2025-05-06,4.1,Promoter,3,SMS
4310,190,2025-11-07,4.4,Promoter,1,Email
4311,135,2025-09-28,3.3,Promoter,4,SMS
4312,447,2025-09-26,4.1,Passive,4,SMS
4313,432,2025-07-27,3.7,Passive,5,SMS
4314,369,2025-03-06,3.3,Detractor,4,Email
4315,206,2025-06-02,4.2,Promoter,1,Email
4316,410,2025-01-13,3.8,Promoter,4,SMS
4317,350,2025-11-23,4.5,Promoter,2,Email
4318,331,2025-11-29,4.6,Passive,5,SMS
4319,303,2025-08-13,3.3,Detractor,2,SMS
4320,350,2025-04-15,3.9,Promoter,4,SMS
4321,167,2025-03-16,4.9,Promoter,4,InStore
4322,152,2025-07-17,3.7,Promoter,3,InStore
4323,322,2025-09-20,4.2,Promoter,1,InStore
4324,345,2025-09-03,4.9,Detractor,1,Email
4325,281,2025-03-26,3.4,Detractor,3,Email
4326,152,2025-01-31,4.5,Promoter,2,Email
4327,361,2025-08-18,4.3,Promoter,2,SMS
4328,272,2025-05-26,3.9,Passive,5,SMS
4329,127,2025-09-07,4.2,Detractor,5,SMS
4330,364,2025-10-17,4.3,Promoter,1,InStore
4331,135,2025-12-05,4.9,Promoter,2,InStore
4332,326,2025-04-11,3.3,Passive,3,Email
4333,416,2025-01-23,3.6,Promoter,4,SMS
4334,107,2025-08-02,3.4,Promoter,2,Email
4335,319,2025-04-18,4.1,Detractor,5,Email
4336,134,2025-09-05,4.7,Promoter,2,Email
4337,213,2025-12-11,4.8,Promoter,4,SMS
4338,159,2025-06-25,4.3,Passive,1,InStore
4339,291,2025-10-13,4.9,Promoter,4,InStore
4340,270,2025-10-29,4.1,Passive,3,InStore
4341,450,2025-05-06,4.6,Passive,3,Email
4342,112,2025-09-18,4.0,Promoter,4,SMS
4343,356,2025-05-12,3.1,Promoter,4,Email
4344,176,2025-05-08,3.4,Passive,5,SMS
4345,179,2025-07-31,4.4,Promoter,1,InStore
4346,305,2025-05-05,4.1,Promoter,4,Email
4347,420,2025-06-10,4.9,Passive,4,Email
4348,324,2025-08-31,4.6,Promoter,4,Email
4349,271,2025-09-09,3.2,Promoter,3,SMS
4350,402,2025-05-27,3.8,Passive,2,Email
4351,413,2025-10-31,3.7,Promoter,2,SMS
4352,143,2025-01-05,3.2,Passive,1,Email
4353,377,2025-12-24,4.0,Promoter,4,InStore
4354,178,2025-03-10,3.0,Promoter,1,SMS
4355,288,2025-03-26,4.3,Promoter,3,SMS
4356,270,2025-01-21,3.1,Promoter,1,InStore
4357,101,2025-09-09,4.6,Detractor,2,Email
4358,237,2025-02-06,3.6,Passive,5,InStore
4359,246,2025-05-14,3.1,Passive,2,Email
4360,430,2025-12-19,3.2,Passive,5,SMS
4361,117,2025-12-22,4.7,Passive,4,SMS
4362,332,2025-12-01,4.9,Promoter,3,InStore
4363,306,2025-06-08,4.6,Promoter,4,InStore
4364,268,2025-03-21,3.5,Promoter,2,Email
4365,141,2025-02-25,4.2,Promoter,1,SMS
4366,165,2025-06-20,4.4,Promoter,2,InStore
4367,264,2025-07-29,3.5,Promoter,5,Email
4368,430,2025-12-30,4.5,Promoter,5,Email
4369,343,2025-06-26,3.7,Promoter,1,Email
4370,126,2025-07-19,4.7,Passive,1,Email
4371,355,2025-12-30,4.3,Promoter,4,SMS
4372,331,2025-12-29,4.6,Passive,2,SMS
4373,438,2025-12-25,4.9,Passive,3,Email
4374,104,2025-09-07,4.9,Promoter,2,SMS
4375,176,2025-11-06,4.8,Promoter,1,SMS
4376,243,2025-01-05,4.4,Promoter,2,InStore
4377,285,2025-01-02,4.6,Promoter,3,Email
4378,348,2025-12-15,3.4,Promoter,5,InStore
4379,359,2025-10-30,4.1,Detractor,3,InStore
4380,414,2025-01-21,3.9,Detractor,2,SMS
4381,403,2025-08-22,3.6,Detractor,5,Email
4382,246,2025-02-02,3.0,Promoter,3,SMS
4383,314,2025-04-29,4.8,Passive,4,SMS
4384,403,2025-11-30,3.9,Promoter,2,Email
4385,218,2025-09-29,3.5,Promoter,5,Email
4386,121,2025-07-23,4.9,Promoter,2,Email
4387,321,2025-05-21,4.9,Passive,1,InStore
4388,380,2025-11-24,3.0,Detractor,4,SMS
4389,408,2025-10-01,4.0,Promoter,1,InStore
4390,383,2025-07-19,4.6,Detractor,3,InStore
4391,269,2025-12-17,4.1,Promoter,2,SMS
4392,141,2025-01-11,4.3,Detractor,3,Email
4393,167,2025-05-12,3.3,Promoter,3,SMS
4394,183,2025-02-19,3.4,Promoter,4,SMS
4395,259,2025-02-09,4.4,Passive,5,Email
4396,163,2025-05-19,4.9,Promoter,1,Email
4397,159,2025-10-01,3.7,Promoter,4,SMS
4398,362,2025-02-12,4.0,Passive,1,SMS
4399,148,2025-10-07,3.4,Passive,3,SMS
4400,110,2025-02-14,4.6,Passive,5,Email
4401,184,2025-12-20,3.7,Promoter,2,InStore
4402,200,2025-06-29,5.0,Passive,4,Email
4403,275,2025-09-20,4.6,Promoter,4,SMS
4404,209,2025-10-28,3.4,Passive,2,InStore
4405,135,2025-09-11,4.7,Detractor,2,InStore
4406,335,2025-01-22,3.6,Promoter,4,Email
4407,332,2025-12-07,3.0,Promoter,2,SMS
4408,433,2025-06-11,3.8,Passive,3,SMS
4409,144,2025-10-15,4.7,Promoter,2,Email
4410,404,2025-10-10,3.9,Promoter,2,InStore
4411,275,2025-11-23,4.2,Promoter,1,SMS
4412,226,2025-01-20,4.1,Promoter,3,Email
4413,129,2025-12-23,4.3,Detractor,3,SMS
4414,295,2025-02-08,3.6,Passive,2,InStore
4415,287,2025-07-28,4.0,Passive,1,Email
4416,114,2025-03-12,3.7,Passive,3,InStore
4417,409,2025-02-18,4.7,Promoter,5,SMS
4418,271,2025-04-19,4.8,Promoter,3,InStore
4419,141,2025-10-09,3.1,Promoter,2,InStore
4420,141,2025-10-07,4.9,Detractor,5,SMS
4421,383,2025-01-21,3.2,Promoter,3,SMS
4422,316,2025-01-27,4.3,Promoter,1,Email
4423,136,2025-02-24,4.9,Promoter,1,SMS
4424,122,2025-02-24,4.6,Promoter,4,SMS
4425,182,2025-05-07,4.9,Detractor,5,Email
4426,272,2025-12-25,3.4,Detractor,2,Email
4427,423,2025-03-06,3.9,Passive,1,Email
4428,450,2025-12-15,3.5,Promoter,5,InStore
4429,240,2025-04-07,4.6,Passive,5,SMS
4430,381,2025-12-08,3.1,Promoter,2,SMS
4431,199,2025-10-30,3.6,Promoter,5,SMS
4432,397,2025-03-05,3.5,Passive,3,InStore
4433,316,2025-02-28,4.3,Promoter,3,SMS
4434,403,2025-10-23,4.5,Passive,2,Email
4435,429,2025-03-09,3.2,Passive,5,InStore
4436,121,2025-02-06,5.0,Passive,2,InStore
4437,303,2025-02-27,4.9,Promoter,2,InStore
4438,102,2025-01-08,4.4,Passive,2,SMS
4439,155,2025-11-28,3.4,Promoter,3,Email
4440,289,2025-09-23,5.0,Promoter,3,InStore
4441,241,2025-03-16,4.3,Detractor,4,Email
4442,300,2025-12-06,3.4,Passive,3,Email
4443,351,2025-05-10,4.9,Promoter,4,Email
4444,322,2025-01-31,3.3,Passive,4,InStore
4445,335,2025-05-28,3.6,Promoter,5,Email
4446,246,2025-08-31,3.4,Passive,3,InStore
4447,134,2025-04-25,3.9,Promoter,5,SMS
4448,203,2025-05-19,4.7,Detractor,3,Email
4449,346,2025-05-01,3.9,Promoter,2,InStore
4450,349,2025-09-18,3.4,Detractor,4,InStore
4451,175,2025-05-11,3.5,Promoter,1,InStore
4452,151,2025-06-08,4.7,Promoter,3,InStore
4453,307,2025-02-24,3.1,Detractor,1,Email
4454,245,2025-12-09,4.6,Passive,3,InStore
4455,415,2025-04-04,4.6,Promoter,5,InStore
4456,355,2025-06-17,3.0,Detractor,5,InStore
4457,384,2025-04-10,4.1,Promoter,4,Email
4458,156,2025-12-23,4.4,Promoter,3,SMS
4459,401,2025-11-05,4.3,Passive,2,InStore
4460,389,2025-04-11,3.2,Promoter,3,Email
4461,267,2025-05-04,4.7,Promoter,1,InStore
4462,271,2025-01-09,3.5,Detractor,4,InStore
4463,140,2025-07-30,4.1,Promoter,1,Email
4464,205,2025-02-07,3.8,Detractor,4,Email
4465,449,2025-04-20,3.9,Promoter,5,Email
4466,290,2025-10-28,3.1,Promoter,1,SMS
4467,162,2025-04-18,4.3,Detractor,3,Email
4468,275,2025-05-09,4.2,Promoter,2,InStore
4469,375,2025-10-05,3.1,Passive,2,Email
4470,437,2025-04-21,4.9,Promoter,1,SMS
4471,270,2025-10-22,3.2,Promoter,1,SMS
4472,101,2025-08-20,4.4,Detractor,4,InStore
4473,185,2025-10-20,4.5,Detractor,1,Email
4474,442,2025-04-30,3.4,Passive,3,InStore
4475,124,2025-03-09,3.4,Promoter,2,SMS
4476,336,2025-03-10,4.3,Promoter,1,Email
4477,161,2025-06-03,3.7,Passive,2,InStore
4478,322,2025-03-23,4.4,Passive,2,SMS
4479,294,2025-03-31,3.3,Promoter,1,InStore
4480,316,2025-02-07,3.2,Promoter,1,Email
4481,313,2025-03-27,3.9,Passive,1,SMS
4482,367,2025-10-30,4.8,Promoter,5,InStore
4483,269,2025-09-30,3.3,Detractor,4,InStore
4484,391,2025-11-09,4.9,Promoter,2,SMS
4485,243,2025-01-11,3.5,Promoter,3,Email
4486,308,2025-02-16,3.8,Promoter,3,InStore
4487,160,2025-12-25,4.8,Promoter,2,InStore
4488,158,2025-10-25,4.0,Detractor,5,InStore
4489,170,2025-04-29,4.0,Promoter,1,Email
4490,224,2025-02-07,4.0,Passive,1,Email
4491,376,2025-02-17,3.2,Promoter,5,SMS
4492,234,2025-01-23,4.1,Passive,3,SMS
4493,352,2025-12-24,3.3,Passive,2,InStore
4494,146,2025-08-05,3.3,Promoter,5,InStore
4495,425,2025-08-24,3.2,Passive,5,Email
4496,449,2025-01-17,5.0,Promoter,3,Email
4497,114,2025-02-12,4.7,Passive,1,SMS
4498,185,2025-09-04,3.2,Passive,5,Email
4499,325,2025-11-19,4.3,Promoter,5,InStore
4500,410,2025-06-10,4.4,Detractor,1,SMS
4501,445,2025-05-29,4.6,Promoter,1,SMS
4502,234,2025-11-04,3.2,Passive,2,InStore
4503,396,2025-02-09,4.0,Promoter,5,Email
4504,190,2025-06-10,4.0,Passive,3,SMS
4505,341,2025-01-23,4.0,Promoter,1,InStore
4506,126,2025-07-13,4.3,Detractor,1,SMS
4507,426,2025-05-21,3.2,Passive,3,InStore
4508,177,2025-07-31,3.8,Promoter,4,Email
4509,238,2025-12-05,3.5,Promoter,5,Email
4510,288,2025-07-12,4.6,Passive,3,InStore
4511,122,2025-01-28,4.4,Passive,5,SMS
4512,207,2025-10-13,3.8,Detractor,2,SMS
4513,417,2025-11-16,4.6,Promoter,3,InStore
4514,370,2025-01-25,3.3,Promoter,2,Email
4515,301,2025-10-12,4.7,Promoter,3,InStore
4516,103,2025-11-26,4.3,Promoter,3,Email
4517,381,2025-09-22,4.0,Detractor,4,Email
4518,294,2025-05-18,4.1,Promoter,2,Email
4519,180,2025-12-14,3.3,Promoter,1,SMS
4520,188,2025-06-07,4.1,Passive,5,SMS
4521,253,2025-03-08,3.0,Detractor,2,SMS
4522,371,2025-05-09,3.4,Promoter,4,Email
4523,337,2025-11-20,4.6,Promoter,1,SMS
4524,181,2025-05-29,4.9,Promoter,3,Email
4525,196,2025-07-08,4.6,Passive,4,SMS
4526,379,2025-01-12,3.6,Detractor,2,InStore
4527,144,2025-05-24,3.8,Promoter,4,SMS
4528,363,2025-01-12,4.9,Promoter,5,Email
4529,156,2025-09-23,3.5,Passive,3,Email
4530,242,2025-11-09,4.5,Promoter,3,InStore
4531,132,2025-01-30,3.1,Passive,3,SMS
4532,223,2025-07-01,4.8,Promoter,2,Email
4533,370,2025-03-04,4.2,Detractor,3,SMS
4534,214,2025-12-31,4.6,Promoter,2,InStore
4535,333,2025-03-05,3.9,Detractor,5,InStore
4536,125,2025-02-16,5.0,Promoter,5,InStore
4537,448,2025-11-26,4.0,Promoter,2,SMS
4538,216,2025-02-09,4.8,Detractor,1,Email
4539,414,2025-07-19,4.0,Detractor,5,Email
4540,337,2025-09-26,4.7,Passive,5,Email
4541,106,2025-01-16,3.4,Promoter,2,InStore
4542,155,2025-03-07,4.6,Promoter,3,InStore
4543,369,2025-08-30,3.5,Promoter,1,InStore
4544,355,2025-11-02,4.5,Passive,3,Email
4545,313,2025-07-20,4.8,Passive,1,SMS
4546,413,2025-06-09,3.3,Promoter,3,InStore
4547,137,2025-10-22,4.7,Passive,1,SMS
4548,156,2025-09-29,3.6,Promoter,5,SMS
4549,276,2025-07-28,4.2,Passive,1,Email
4550,188,2025-09-16,4.9,Passive,2,Email
4551,138,2025-08-03,3.9,Promoter,2,Email
4552,148,2025-05-31,4.9,Passive,3,Email
4553,367,2025-07-07,3.8,Passive,5,InStore
4554,111,2025-08-08,3.5,Detractor,3,SMS
4555,124,2025-03-07,4.4,Promoter,5,SMS
4556,110,2025-01-29,4.9,Detractor,1,InStore
4557,205,2025-02-15,3.8,Detractor,3,Email
4558,298,2025-04-19,4.4,Promoter,2,Email
4559,190,2025-01-27,3.5,Promoter,2,SMS
4560,361,2025-09-06,3.4,Promoter,5,InStore
4561,349,2025-03-15,4.5,Passive,4,InStore
4562,208,2025-01-21,4.7,Promoter,5,Email
4563,224,2025-09-28,4.8,Promoter,3,SMS
4564,200,2025-12-08,3.6,Promoter,3,InStore
4565,371,2025-11-27,3.8,Promoter,2,SMS
4566,415,2025-08-20,3.1,Passive,1,InStore
4567,110,2025-10-17,4.6,Promoter,5,InStore
4568,134,2025-01-09,3.6,Promoter,3,InStore
4569,332,2025-11-03,4.2,Promoter,3,InStore
4570,394,2025-11-16,4.9,Promoter,5,InStore
4571,293,2025-11-04,4.7,Passive,3,InStore
4572,447,2025-03-16,3.2,Promoter,4,InStore
4573,288,2025-05-08,3.8,Detractor,5,Email
4574,270,2025-09-14,3.2,Promoter,5,SMS
4575,392,2025-03-31,4.6,Detractor,5,Email
4576,156,2025-04-25,4.7,Passive,2,SMS
4577,173,2025-01-29,3.8,Promoter,4,SMS
4578,419,2025-07-23,5.0,Promoter,1,InStore
4579,161,2025-01-16,4.5,Detractor,4,InStore
4580,327,2025-04-27,4.5,Promoter,2,InStore
4581,411,2025-07-05,3.7,Passive,2,InStore
4582,225,2025-01-09,3.3,Detractor,5,SMS
4583,102,2025-03-02,4.9,Detractor,3,Email
4584,390,2025-03-17,3.9,Promoter,5,SMS
4585,403,2025-12-05,4.1,Promoter,3,SMS
4586,148,2025-07-28,3.8,Promoter,5,InStore
4587,138,2025-08-07,3.0,Promoter,2,Email
4588,445,2025-06-10,4.5,Passive,2,InStore
4589,273,2025-05-17,3.5,Promoter,1,SMS
4590,378,2025-06-09,3.5,Passive,2,InStore
4591,240,2025-03-26,4.7,Passive,1,SMS
4592,215,2025-08-11,3.0,Detractor,1,InStore
4593,301,2025-07-18,3.1,Promoter,4,InStore
4594,204,2025-11-10,3.2,Promoter,1,SMS
4595,114,2025-01-29,4.9,Promoter,1,InStore
4596,432,2025-02-07,3.2,Passive,3,InStore
4597,265,2025-11-19,3.9,Passive,1,InStore
4598,201,2025-11-18,4.9,Passive,5,Email
4599,126,2025-01-09,3.4,Promoter,3,SMS
4600,326,2025-01-30,4.2,Promoter,4,InStore
4601,330,2025-07-30,4.5,Passive,2,InStore
4602,167,2025-02-17,3.3,Promoter,5,InStore
4603,352,2025-03-24,4.8,Detractor,4,InStore
4604,409,2025-07-23,4.5,Promoter,1,InStore
4605,446,2025-04-12,3.5,Detractor,5,Email
4606,333,2025-06-10,3.2,Promoter,2,SMS
4607,188,2025-02-25,3.7,Detractor,2,SMS
4608,379,2025-03-26,3.9,Promoter,1,InStore
4609,153,2025-02-27,4.2,Promoter,1,Email
4610,317,2025-06-12,4.7,Detractor,2,Email
4611,340,2025-07-12,4.1,Detractor,4,Email
4612,198,2025-10-07,3.9,Detractor,2,SMS
4613,258,2025-03-28,4.2,Passive,3,InStore
4614,266,2025-09-19,3.3,Promoter,1,Email
4615,149,2025-05-02,3.6,Detractor,4,SMS
4616,205,2025-10-01,4.7,Promoter,3,Email
4617,173,2025-09-20,4.5,Promoter,4,Email
4618,196,2025-02-17,3.0,Promoter,1,SMS
4619,402,2025-04-10,4.7,Promoter,5,SMS
4620,366,2025-09-09,3.3,Promoter,4,InStore
4621,411,2025-04-29,3.5,Promoter,4,InStore
4622,225,2025-12-15,4.7,Promoter,1,SMS
4623,310,2025-08-19,3.7,Promoter,1,InStore
4624,112,2025-11-22,4.6,Promoter,4,SMS
4625,307,2025-07-26,3.9,Passive,1,SMS
4626,221,2025-01-08,4.0,Passive,4,SMS
4627,102,2025-03-29,4.1,Promoter,4,Email
4628,215,2025-07-21,3.7,Promoter,3,InStore
4629,438,2025-08-18,3.0,Promoter,3,Email
4630,236,2025-09-25,4.1,Passive,4,InStore
4631,190,2025-10-18,5.0,Promoter,1,SMS
4632,334,2025-10-01,4.9,Promoter,5,InStore
4633,238,2025-05-28,3.9,Passive,2,InStore
4634,109,2025-06-19,3.3,Detractor,2,Email
4635,410,2025-11-03,4.3,Promoter,2,InStore
4636,229,2025-06-02,4.9,Passive,5,InStore
4637,273,2025-11-28,4.0,Passive,5,Email
4638,246,2025-08-23,3.9,Promoter,3,Email
4639,436,2025-05-01,3.2,Detractor,4,InStore
4640,306,2025-12-03,3.8,Promoter,4,Email
4641,114,2025-02-09,3.9,Promoter,5,InStore
4642,133,2025-07-16,4.0,Promoter,4,InStore
4643,177,2025-09-12,4.1,Promoter,5,InStore
4644,179,2025-09-10,3.6,Promoter,2,InStore
4645,120,2025-07-24,3.6,Promoter,5,InStore
4646,196,2025-01-16,3.7,Passive,2,InStore
4647,285,2025-12-18,3.8,Passive,4,SMS
4648,392,2025-05-24,3.1,Promoter,1,InStore
4649,191,2025-04-04,4.7,Promoter,3,InStore
4650,302,2025-06-30,4.2,Promoter,4,InStore
4651,251,2025-03-10,4.3,Passive,2,InStore
4652,373,2025-04-24,4.7,Passive,5,Email
4653,380,2025-03-26,4.9,Promoter,5,SMS
4654,141,2025-09-05,3.4,Passive,3,Email
4655,276,2025-07-26,3.3,Promoter,4,InStore
4656,214,2025-12-18,3.7,Passive,2,SMS
4657,153,2025-02-24,4.7,Detractor,2,InStore
4658,301,2025-09-08,3.7,Detractor,3,InStore
4659,235,2025-01-09,4.9,Promoter,4,InStore
4660,265,2025-05-14,4.5,Promoter,4,Email
4661,104,2025-12-12,3.6,Passive,2,InStore
4662,396,2025-09-04,4.9,Promoter,1,InStore
4663,348,2025-12-27,3.1,Promoter,2,SMS
4664,398,2025-07-06,3.5,Promoter,2,Email
4665,302,2025-02-25,3.2,Promoter,3,SMS
4666,268,2025-07-07,3.2,Passive,2,InStore
4667,210,2025-09-26,4.0,Passive,4,Email
4668,222,2025-01-09,3.9,Promoter,4,InStore
4669,237,2025-02-25,4.4,Passive,2,SMS
4670,145,2025-07-16,4.6,Promoter,1,InStore
4671,371,2025-10-15,4.4,Promoter,1,Email
4672,410,2025-07-04,4.5,Promoter,2,Email
4673,221,2025-06-28,4.1,Detractor,5,SMS
4674,184,2025-08-08,4.9,Promoter,2,SMS
4675,130,2025-08-01,4.7,Promoter,3,SMS
4676,376,2025-03-12,3.6,Detractor,4,SMS
4677,273,2025-12-09,3.7,Passive,5,SMS
4678,378,2025-07-06,4.5,Promoter,3,SMS
4679,415,2025-11-11,3.4,Promoter,3,Email
4680,143,2025-01-04,5.0,Promoter,4,Email
4681,122,2025-04-28,4.6,Promoter,2,InStore
4682,432,2025-11-26,3.1,Promoter,2,Email
4683,267,2025-06-24,3.1,Promoter,3,SMS
4684,118,2025-10-12,3.4,Passive,5,InStore
4685,194,2025-09-24,3.6,Promoter,1,InStore
4686,416,2025-09-09,3.8,Passive,4,Email
4687,356,2025-08-14,3.8,Detractor,2,InStore
4688,250,2025-07-07,3.3,Promoter,4,InStore
4689,186,2025-02-05,3.6,Detractor,3,InStore
4690,212,2025-02-24,4.4,Passive,2,InStore
4691,169,2025-11-07,4.7,Promoter,2,Email
4692,431,2025-01-31,4.3,Passive,1,SMS
4693,105,2025-09-08,4.0,Promoter,1,Email
4694,205,2025-03-26,3.9,Promoter,5,SMS
4695,307,2025-04-01,4.4,Passive,5,Email
4696,280,2025-07-05,3.9,Promoter,4,InStore
4697,422,2025-10-20,4.0,Promoter,3,Email
4698,267,2025-12-09,4.2,Promoter,2,InStore
4699,333,2025-02-22,4.8,Promoter,4,SMS
4700,128,2025-03-03,4.7,Passive,5,InStore
4701,341,2025-04-12,3.1,Passive,2,SMS
4702,212,2025-01-15,4.3,Detractor,5,SMS
4703,194,2025-11-11,3.3,Detractor,2,Email
4704,311,2025-06-17,4.9,Passive,2,InStore
4705,400,2025-10-09,4.3,Promoter,1,Email
4706,222,2025-05-06,3.7,Promoter,2,InStore
4707,377,2025-05-17,3.6,Detractor,2,SMS
4708,163,2025-09-10,4.4,Promoter,4,Email
4709,183,2025-10-20,3.6,Detractor,4,SMS
4710,234,2025-09-13,4.2,Detractor,3,InStore
4711,160,2025-10-26,4.8,Passive,2,SMS
4712,102,2025-03-24,4.1,Promoter,2,Email
4713,270,2025-09-27,4.3,Promoter,2,SMS
4714,158,2025-06-17,4.0,Detractor,2,Email
4715,397,2025-03-08,4.9,Promoter,5,Email
4716,115,2025-01-28,3.3,Promoter,1,InStore
4717,197,2025-10-11,3.1,Promoter,2,SMS
4718,411,2025-10-19,4.0,Promoter,4,SMS
4719,279,2025-07-10,4.4,Passive,2,InStore
4720,364,2025-07-21,3.4,Passive,3,Email
4721,121,2025-05-01,3.0,Detractor,2,SMS
4722,431,2025-10-21,4.6,Detractor,1,SMS
4723,157,2025-03-25,3.1,Passive,4,Email
4724,393,2025-10-23,3.0,Promoter,1,Email
4725,401,2025-04-12,4.3,Promoter,3,SMS
4726,242,2025-04-11,3.4,Passive,5,Email
4727,396,2025-12-18,5.0,Promoter,4,InStore
4728,356,2025-07-23,4.2,Promoter,1,Email
4729,425,2025-03-22,4.5,Promoter,2,Email
4730,336,2025-01-28,3.9,Passive,4,Email
4731,411,2025-02-23,3.2,Promoter,1,Email
4732,193,2025-08-17,3.2,Passive,1,Email
4733,276,2025-04-12,4.5,Detractor,5,InStore
4734,210,2025-07-14,3.6,Promoter,1,SMS
4735,207,2025-11-30,3.0,Promoter,5,InStore
4736,255,2025-05-25,3.2,Passive,5,Email
4737,152,2025-12-16,3.6,Passive,1,SMS
4738,421,2025-01-05,3.3,Promoter,5,InStore
4739,441,2025-05-27,5.0,Promoter,3,SMS
4740,166,2025-12-25,4.7,Promoter,1,SMS
4741,280,2025-12-02,4.7,Promoter,4,Email
4742,210,2025-12-22,4.2,Promoter,5,InStore
4743,355,2025-08-21,4.6,Promoter,1,Email
4744,173,2025-10-09,3.4,Detractor,3,SMS
4745,377,2025-03-08,3.8,Passive,3,Email
4746,114,2025-03-21,4.9,Detractor,3,Email
4747,173,2025-07-05,4.9,Promoter,4,InStore
4748,183,2025-01-31,3.5,Promoter,4,Email
4749,407,2025-02-13,3.1,Passive,5,SMS
4750,319,2025-03-06,3.0,Promoter,5,SMS
4751,372,2025-03-23,3.7,Promoter,1,InStore
4752,424,2025-05-27,3.4,Passive,1,Email
4753,228,2025-07-27,3.2,Passive,1,SMS
4754,389,2025-06-07,3.7,Detractor,4,InStore
4755,134,2025-06-28,3.9,Passive,3,SMS
4756,246,2025-05-09,4.7,Detractor,4,SMS
4757,155,2025-08-11,4.7,Promoter,2,Email
4758,157,2025-09-21,4.1,Passive,1,Email
4759,120,2025-07-31,3.1,Detractor,2,InStore
4760,218,2025-02-16,3.9,Promoter,1,SMS
4761,183,2025-09-22,4.0,Promoter,4,Email
4762,444,2025-01-16,3.9,Promoter,3,InStore
4763,156,2025-04-11,4.4,Promoter,3,InStore
4764,122,2025-08-25,3.9,Promoter,4,InStore
4765,218,2025-05-28,3.2,Promoter,3,SMS
4766,372,2025-07-25,4.0,Promoter,3,Email
4767,159,2025-04-04,3.0,Promoter,2,SMS
4768,373,2025-12-27,4.4,Promoter,5,SMS
4769,406,2025-10-15,4.0,Promoter,3,Email
4770,271,2025-04-13,5.0,Passive,2,InStore
4771,307,2025-08-14,4.6,Detractor,2,SMS
4772,324,2025-06-30,3.9,Promoter,4,InStore
4773,133,2025-09-01,3.5,Promoter,5,Email
4774,117,2025-08-06,5.0,Promoter,1,Email
4775,260,2025-02-04,4.3,Promoter,3,Email
4776,126,2025-03-05,4.2,Passive,4,SMS
4777,120,2025-05-01,4.5,Promoter,1,InStore
4778,383,2025-12-25,4.6,Promoter,1,InStore
4779,424,2025-12-08,4.1,Promoter,3,InStore
4780,134,2025-11-09,4.6,Promoter,3,InStore
4781,357,2025-11-03,4.6,Promoter,1,SMS
4782,303,2025-04-25,4.1,Promoter,5,InStore
4783,134,2025-03-03,3.9,Promoter,2,SMS
4784,296,2025-07-30,4.1,Promoter,5,SMS
4785,151,2025-01-26,3.4,Promoter,2,SMS
4786,346,2025-03-31,3.5,Promoter,5,SMS
4787,324,2025-09-21,3.4,Passive,2,InStore
4788,403,2025-02-28,3.6,Promoter,5,InStore
4789,329,2025-05-16,3.1,Passive,1,Email
4790,321,2025-09-21,3.1,Promoter,2,SMS
4791,377,2025-03-23,3.2,Promoter,2,InStore
4792,441,2025-05-13,4.3,Passive,1,Email
4793,380,2025-11-11,3.5,Passive,1,InStore
4794,363,2025-10-27,4.0,Detractor,5,SMS
4795,176,2025-01-12,3.2,Promoter,1,InStore
4796,376,2025-12-05,4.3,Detractor,5,InStore
4797,116,2025-05-14,4.9,Detractor,1,SMS
4798,374,2025-07-02,3.3,Promoter,2,InStore
4799,363,2025-09-17,4.1,Promoter,2,SMS
4800,325,2025-01-14,4.1,Promoter,1,SMS
4801,377,2025-12-08,3.8,Promoter,1,Email
4802,193,2025-11-01,3.8,Promoter,2,SMS
4803,147,2025-09-13,4.9,Promoter,1,InStore
4804,403,2025-08-05,4.6,Promoter,3,InStore
4805,359,2025-10-24,3.9,Passive,2,InStore
4806,345,2025-04-28,3.5,Promoter,1,InStore
4807,161,2025-10-25,4.8,Promoter,3,SMS
4808,158,2025-10-10,3.9,Promoter,3,InStore
4809,228,2025-12-20,4.0,Passive,2,InStore
4810,386,2025-02-24,3.7,Promoter,2,SMS
4811,398,2025-11-06,3.4,Passive,4,SMS
4812,428,2025-10-07,4.7,Promoter,3,Email
4813,236,2025-09-19,3.9,Promoter,5,SMS
4814,178,2025-06-23,3.9,Promoter,1,Email
4815,298,2025-10-24,3.3,Detractor,2,Email
4816,423,2025-01-01,3.6,Promoter,4,InStore
4817,394,2025-12-23,3.5,Promoter,2,InStore
4818,217,2025-05-13,3.1,Promoter,5,SMS
4819,346,2025-08-16,5.0,Passive,2,InStore
4820,395,2025-02-02,3.8,Passive,1,Email
4821,254,2025-10-28,3.4,Passive,1,InStore
4822,228,2025-11-24,4.3,Detractor,3,Email
4823,205,2025-07-28,3.2,Promoter,4,Email
4824,275,2025-05-11,5.0,Promoter,2,SMS
4825,385,2025-12-25,3.2,Promoter,5,Email
4826,185,2025-06-04,4.8,Promoter,3,SMS
4827,175,2025-06-12,3.2,Promoter,3,InStore
4828,117,2025-10-18,4.4,Promoter,2,SMS
4829,306,2025-02-03,3.9,Passive,1,InStore
4830,165,2025-10-07,4.2,Promoter,3,InStore
4831,122,2025-01-02,4.1,Detractor,5,SMS
4832,337,2025-08-15,3.3,Promoter,5,SMS
4833,312,2025-04-26,4.7,Promoter,5,SMS
4834,419,2025-05-16,4.8,Passive,2,InStore
4835,317,2025-05-08,4.3,Passive,5,InStore
4836,398,2025-06-09,4.4,Promoter,4,InStore
4837,296,2025-02-16,3.6,Detractor,5,SMS
4838,275,2025-12-04,3.5,Promoter,5,Email
4839,157,2025-12-14,4.2,Passive,1,Email
4840,130,2025-07-15,5.0,Promoter,4,InStore
4841,123,2025-08-05,3.2,Promoter,3,InStore
4842,132,2025-10-12,4.7,Promoter,2,SMS
4843,207,2025-12-30,3.6,Promoter,4,InStore
4844,165,2025-07-10,4.0,Promoter,1,InStore
4845,129,2025-11-01,4.0,Promoter,4,InStore
4846,434,2025-09-29,3.6,Promoter,5,InStore
4847,229,2025-07-12,3.1,Detractor,2,InStore
4848,241,2025-07-30,4.2,Promoter,5,Email
4849,268,2025-06-09,3.5,Promoter,4,SMS
4850,317,2025-10-03,4.0,Promoter,3,Email
4851,393,2025-06-13,4.6,Promoter,4,Email
4852,199,2025-03-08,4.6,Promoter,5,Email
4853,290,2025-03-08,4.6,Detractor,3,InStore
4854,195,2025-02-25,3.7,Promoter,4,SMS
4855,424,2025-01-28,4.2,Promoter,3,Email
4856,446,2025-03-31,3.3,Promoter,4,Email
4857,251,2025-08-08,4.9,Passive,2,SMS
4858,437,2025-06-11,3.6,Promoter,4,InStore
4859,135,2025-05-24,3.1,Promoter,4,InStore
4860,152,2025-09-15,3.7,Detractor,1,SMS
4861,374,2025-01-04,4.3,Detractor,5,InStore
4862,108,2025-07-22,3.9,Promoter,1,SMS
4863,354,2025-03-30,3.3,Detractor,5,InStore
4864,405,2025-01-07,3.9,Passive,3,SMS
4865,329,2025-05-15,5.0,Promoter,2,Email
4866,427,2025-03-26,3.2,Passive,4,Email
4867,205,2025-09-03,3.5,Passive,5,SMS
4868,217,2025-07-17,3.7,Promoter,4,InStore
4869,125,2025-11-22,4.1,Detractor,4,Email
4870,289,2025-03-07,4.9,Promoter,3,Email
4871,444,2025-06-16,4.4,Promoter,5,SMS
4872,286,2025-08-08,3.1,Passive,3,SMS
4873,257,2025-03-16,3.6,Promoter,3,Email
4874,140,2025-08-18,3.3,Promoter,1,SMS
4875,376,2025-09-09,4.5,Passive,5,InStore
4876,418,2025-07-23,3.9,Detractor,1,Email
4877,225,2025-03-27,4.3,Passive,3,SMS
4878,187,2025-10-03,3.4,Passive,1,SMS
4879,187,2025-01-07,4.8,Promoter,1,InStore
4880,378,2025-07-18,4.6,Promoter,1,Email
4881,122,2025-01-17,3.7,Passive,3,SMS
4882,412,2025-03-16,3.6,Promoter,2,SMS
4883,420,2025-06-06,3.7,Promoter,2,Email
4884,119,2025-07-22,4.0,Passive,1,SMS
4885,343,2025-08-06,3.6,Detractor,5,SMS
4886,189,2025-07-04,3.5,Detractor,3,SMS
4887,235,2025-10-01,3.1,Promoter,4,SMS
4888,134,2025-12-27,4.2,Promoter,4,InStore
4889,155,2025-12-09,4.3,Passive,1,SMS
4890,224,2025-09-15,3.2,Promoter,5,InStore
4891,439,2025-11-15,4.7,Passive,3,InStore
4892,397,2025-03-21,5.0,Promoter,4,InStore
4893,407,2025-09-04,3.6,Detractor,1,InStore
4894,169,2025-12-15,3.2,Passive,4,Email
4895,230,2025-11-03,3.5,Passive,4,InStore
4896,296,2025-04-15,3.4,Promoter,3,InStore
4897,433,2025-05-01,4.2,Promoter,2,Email
4898,391,2025-11-27,3.3,Promoter,1,InStore
4899,382,2025-03-22,3.1,Detractor,4,InStore
4900,208,2025-01-26,4.0,Promoter,2,InStore
4901,396,2025-03-04,4.8,Promoter,5,Email
4902,160,2025-01-02,3.4,Promoter,1,Email
4903,133,2025-02-28,3.8,Promoter,5,Email
4904,116,2025-10-13,4.7,Promoter,5,InStore
4905,347,2025-06-01,3.2,Promoter,4,Email
4906,291,2025-05-01,4.6,Promoter,4,InStore
4907,249,2025-02-13,4.3,Passive,3,InStore
4908,362,2025-10-09,4.6,Promoter,1,InStore
4909,171,2025-10-29,3.6,Promoter,2,SMS
4910,447,2025-01-09,3.1,Promoter,1,SMS
4911,307,2025-05-23,3.0,Passive,2,SMS
4912,402,2025-01-11,3.9,Promoter,4,InStore
4913,124,2025-07-19,3.9,Detractor,4,SMS
4914,238,2025-07-21,3.1,Detractor,1,SMS
4915,254,2025-04-26,4.4,Passive,1,SMS
4916,101,2025-11-11,4.1,Promoter,4,InStore
4917,238,2025-01-08,3.9,Promoter,5,SMS
4918,388,2025-05-31,3.9,Promoter,2,InStore
4919,173,2025-11-15,4.1,Promoter,4,SMS
4920,182,2025-09-28,4.2,Passive,4,Email
4921,377,2025-11-22,4.1,Promoter,4,InStore
4922,161,2025-11-25,4.1,Passive,4,SMS
4923,415,2025-10-30,3.7,Promoter,1,SMS
4924,193,2025-08-21,3.9,Promoter,3,SMS
4925,112,2025-02-14,3.5,Promoter,5,Email
4926,321,2025-09-25,3.9,Detractor,3,InStore
4927,387,2025-02-10,3.8,Promoter,2,InStore
4928,103,2025-02-07,3.7,Promoter,5,SMS
4929,285,2025-03-02,4.0,Detractor,3,SMS
4930,350,2025-03-12,3.6,Promoter,4,SMS
4931,252,2025-02-19,4.2,Passive,4,InStore
4932,445,2025-12-31,3.3,Promoter,5,InStore
4933,307,2025-03-14,3.9,Promoter,2,InStore
4934,345,2025-01-28,4.0,Promoter,3,InStore
4935,236,2025-10-11,3.5,Promoter,3,SMS
4936,449,2025-01-24,3.7,Passive,3,SMS
4937,323,2025-03-14,3.3,Passive,5,Email
4938,288,2025-01-10,4.7,Passive,4,InStore
4939,126,2025-12-27,4.3,Promoter,1,SMS
4940,310,2025-04-19,4.9,Promoter,3,Email
4941,243,2025-10-14,5.0,Promoter,4,InStore
4942,268,2025-09-24,3.0,Promoter,3,InStore
4943,365,2025-08-20,3.3,Promoter,2,Email
4944,147,2025-10-05,5.0,Promoter,2,SMS
4945,104,2025-10-15,3.1,Passive,4,InStore
4946,131,2025-01-01,3.2,Promoter,1,InStore
4947,192,2025-12-03,4.8,Promoter,4,Email
4948,262,2025-01-23,3.9,Passive,2,InStore
4949,286,2025-08-14,4.9,Detractor,2,Email
4950,392,2025-02-06,3.4,Promoter,2,SMS
4951,404,2025-09-05,4.4,Promoter,3,SMS
4952,435,2025-06-09,4.8,Promoter,1,InStore
4953,268,2025-10-18,3.5,Passive,3,InStore
4954,340,2025-07-31,4.2,Promoter,4,SMS
4955,168,2025-03-01,3.5,Detractor,5,SMS
4956,146,2025-03-14,4.6,Promoter,5,SMS
4957,204,2025-02-06,4.6,Promoter,3,Email
4958,233,2025-10-15,3.1,Promoter,3,InStore
4959,413,2025-08-28,3.4,Promoter,4,SMS
4960,210,2025-05-04,3.9,Promoter,3,SMS
4961,178,2025-05-20,4.1,Promoter,4,InStore
4962,323,2025-10-29,4.5,Promoter,1,InStore
4963,213,2025-09-15,4.8,Detractor,3,Email
4964,381,2025-04-27,4.9,Promoter,3,SMS
4965,423,2025-01-25,3.8,Promoter,3,SMS
4966,272,2025-05-22,3.9,Promoter,1,InStore
4967,126,2025-06-30,3.7,Passive,4,Email
4968,287,2025-01-05,3.3,Promoter,4,InStore
4969,118,2025-06-16,4.9,Detractor,5,Email
4970,122,2025-01-15,4.3,Promoter,4,InStore
4971,408,2025-02-12,4.8,Promoter,1,Email
4972,337,2025-12-18,4.9,Promoter,5,Email
4973,173,2025-08-16,4.6,Passive,3,InStore
4974,300,2025-11-21,4.4,Promoter,1,Email
4975,308,2025-05-18,3.7,Promoter,5,InStore
4976,143,2025-12-08,5.0,Detractor,2,Email
4977,194,2025-10-17,4.8,Passive,4,SMS
4978,131,2025-12-25,3.3,Promoter,1,Email
4979,141,2025-04-04,3.2,Promoter,3,SMS
4980,436,2025-11-13,3.5,Passive,5,SMS
4981,117,2025-09-10,3.6,Detractor,4,Email
4982,327,2025-10-09,4.7,Promoter,2,Email
4983,282,2025-04-29,4.3,Passive,5,InStore
4984,134,2025-12-13,3.0,Promoter,1,InStore
4985,211,2025-12-20,4.5,Promoter,3,InStore
4986,161,2025-01-17,3.6,Promoter,1,Email
4987,320,2025-05-26,4.0,Passive,1,Email
4988,137,2025-02-18,3.6,Passive,5,Email
4989,435,2025-03-31,4.8,Passive,3,InStore
4990,284,2025-07-11,4.5,Promoter,3,InStore
4991,391,2025-02-06,3.3,Promoter,3,Email
4992,131,2025-10-23,4.9,Promoter,4,Email
4993,430,2025-10-08,3.8,Promoter,1,Email
4994,138,2025-05-15,3.8,Promoter,5,Email
4995,224,2025-03-06,4.0,Passive,4,InStore
4996,212,2025-10-25,4.1,Promoter,2,InStore
4997,292,2025-08-23,3.0,Promoter,2,SMS
4998,181,2025-11-21,3.7,Promoter,3,SMS
4999,106,2025-06-10,4.0,Detractor,1,SMS
5000,167,2025-10-03,3.4,Promoter,4,SMS
5001,195,2025-10-21,3.1,Promoter,5,InStore
5002,177,2025-02-18,4.6,Promoter,2,Email
5003,108,2025-08-04,4.1,Passive,1,InStore
5004,124,2025-10-04,3.5,Passive,3,InStore
5005,312,2025-03-01,3.5,Promoter,5,Email
5006,297,2025-11-12,3.9,Passive,4,Email
5007,245,2025-08-22,4.9,Detractor,3,SMS
5008,389,2025-06-15,4.6,Promoter,5,InStore
5009,196,2025-08-05,3.3,Passive,1,SMS
5010,186,2025-05-04,3.1,Detractor,4,SMS
5011,444,2025-03-14,4.6,Detractor,2,SMS
5012,290,2025-08-25,4.0,Promoter,3,SMS
5013,113,2025-02-28,3.3,Detractor,5,Email
5014,277,2025-01-04,3.5,Passive,2,Email
5015,197,2025-11-28,4.4,Promoter,4,InStore
5016,439,2025-09-26,3.1,Detractor,2,Email
5017,368,2025-12-18,4.8,Passive,5,SMS
5018,390,2025-09-15,3.9,Passive,1,SMS
5019,209,2025-02-11,3.7,Promoter,5,InStore
5020,402,2025-08-29,4.1,Promoter,3,Email
5021,149,2025-01-26,4.1,Promoter,4,SMS
5022,222,2025-11-06,4.1,Passive,4,Email
5023,135,2025-03-21,5.0,Passive,5,InStore
5024,398,2025-05-22,4.8,Passive,4,SMS
5025,260,2025-03-12,4.3,Detractor,1,Email
5026,345,2025-04-20,3.0,Promoter,2,InStore
5027,251,2025-04-28,3.3,Detractor,5,Email
5028,440,2025-05-23,3.1,Promoter,2,SMS
5029,243,2025-09-26,4.5,Detractor,2,InStore
5030,157,2025-07-04,3.8,Detractor,1,InStore
5031,409,2025-11-18,4.4,Passive,2,InStore
5032,107,2025-01-26,3.1,Promoter,2,SMS
5033,177,2025-08-13,4.7,Promoter,2,SMS
5034,284,2025-07-10,4.4,Promoter,2,InStore
5035,200,2025-09-15,4.8,Passive,1,Email
5036,314,2025-07-22,4.8,Promoter,3,Email
5037,102,2025-04-29,3.7,Passive,1,SMS
5038,334,2025-02-19,3.7,Detractor,4,InStore
5039,376,2025-01-12,3.3,Promoter,2,InStore
5040,183,2025-12-18,3.2,Passive,5,InStore
5041,138,2025-01-21,3.6,Detractor,4,Email
5042,399,2025-01-15,3.4,Detractor,5,SMS
5043,227,2025-07-18,4.6,Promoter,5,SMS
5044,184,2025-04-14,4.1,Passive,2,Email
5045,315,2025-07-27,3.0,Promoter,4,InStore
5046,289,2025-08-24,4.7,Detractor,4,Email
5047,297,2025-02-13,4.4,Detractor,2,InStore
5048,363,2025-10-25,3.7,Promoter,4,SMS
5049,231,2025-08-09,4.3,Promoter,3,SMS
5050,201,2025-04-26,4.2,Promoter,3,InStore
5051,314,2025-07-12,3.0,Passive,3,Email
5052,333,2025-03-10,3.3,Promoter,2,SMS
5053,161,2025-04-21,3.6,Promoter,1,SMS
5054,441,2025-12-02,4.8,Passive,2,InStore
5055,265,2025-09-21,4.3,Promoter,3,InStore
5056,426,2025-11-01,4.1,Promoter,1,InStore
5057,417,2025-03-17,4.5,Detractor,1,InStore
5058,223,2025-12-03,4.8,Passive,3,InStore
5059,393,2025-06-23,3.5,Promoter,4,Email
5060,169,2025-04-06,4.9,Detractor,3,SMS
5061,442,2025-05-06,3.7,Promoter,1,SMS
5062,204,2025-02-10,4.6,Promoter,1,InStore
5063,288,2025-05-17,4.0,Promoter,5,SMS
5064,340,2025-05-18,4.8,Promoter,4,SMS
5065,270,2025-05-18,3.8,Passive,4,InStore
5066,426,2025-05-03,4.9,Promoter,3,SMS
5067,290,2025-07-21,3.9,Detractor,5,SMS
5068,405,2025-08-09,3.8,Passive,5,Email
5069,244,2025-07-09,3.2,Promoter,2,Email
5070,375,2025-11-13,4.1,Detractor,1,SMS
5071,361,2025-07-24,4.6,Promoter,1,InStore
5072,174,2025-07-15,4.6,Promoter,3,SMS
5073,255,2025-05-03,3.4,Detractor,4,Email
5074,333,2025-10-29,3.3,Promoter,3,Email
5075,237,2025-05-27,3.8,Detractor,2,Email
5076,442,2025-05-07,4.3,Promoter,3,Email
5077,313,2025-06-08,3.6,Promoter,1,Email
5078,129,2025-08-23,4.1,Promoter,4,Email
5079,154,2025-03-04,3.1,Passive,1,SMS
5080,372,2025-03-03,4.8,Promoter,3,Email
5081,289,2025-10-13,3.9,Detractor,5,SMS
5082,263,2025-12-03,3.4,Passive,2,SMS
5083,191,2025-08-24,4.8,Promoter,4,SMS
5084,237,2025-11-26,3.1,Promoter,4,Email
5085,432,2025-06-24,4.4,Promoter,1,InStore
5086,176,2025-03-09,4.8,Promoter,2,InStore
5087,321,2025-04-10,4.4,Promoter,4,SMS
5088,102,2025-01-24,3.6,Promoter,1,InStore
5089,283,2025-02-02,4.6,Detractor,2,Email
5090,289,2025-01-24,4.3,Passive,3,Email
5091,113,2025-03-07,4.0,Passive,2,Email
5092,259,2025-04-10,3.6,Passive,2,Email
5093,318,2025-10-21,4.2,Promoter,1,InStore
5094,164,2025-11-18,4.5,Promoter,2,InStore
5095,145,2025-04-12,5.0,Detractor,4,Email
5096,202,2025-03-20,4.2,Promoter,4,InStore
5097,301,2025-11-27,4.8,Promoter,2,Email
5098,395,2025-07-11,4.6,Promoter,4,InStore
5099,281,2025-03-19,4.8,Promoter,2,InStore
5100,327,2025-09-25,4.4,Promoter,2,InStore
5101,412,2025-08-31,3.0,Promoter,2,InStore
5102,214,2025-08-07,3.5,Promoter,3,Email
5103,360,2025-02-16,4.9,Promoter,3,Email
5104,383,2025-11-07,3.1,Promoter,4,SMS
5105,162,2025-04-13,4.6,Passive,5,SMS
5106,120,2025-07-22,3.0,Promoter,1,Email
5107,282,2025-12-14,3.4,Detractor,5,InStore
5108,424,2025-09-10,4.4,Detractor,2,InStore
5109,423,2025-10-01,4.8,Passive,4,SMS
5110,307,2025-05-15,3.4,Promoter,4,Email
5111,175,2025-12-20,5.0,Detractor,2,Email
5112,173,2025-11-21,4.8,Promoter,2,Email
5113,412,2025-10-14,3.5,Promoter,3,InStore
5114,390,2025-12-17,4.4,Passive,2,InStore
5115,195,2025-01-30,4.5,Promoter,2,SMS
5116,194,2025-07-10,5.0,Promoter,5,InStore
5117,126,2025-09-03,3.5,Detractor,4,Email
5118,135,2025-12-17,4.1,Promoter,1,SMS
5119,242,2025-12-09,4.7,Promoter,1,SMS
5120,218,2025-12-01,4.9,Passive,5,InStore
5121,266,2025-04-23,3.0,Passive,2,SMS
5122,190,2025-05-27,4.3,Promoter,4,InStore
5123,305,2025-12-03,4.1,Passive,2,SMS
5124,298,2025-09-01,3.6,Promoter,1,Email
5125,286,2025-03-31,3.5,Promoter,3,InStore
5126,438,2025-05-18,3.7,Promoter,1,Email
5127,140,2025-06-18,4.5,Passive,5,SMS
5128,240,2025-10-23,4.1,Passive,1,InStore
5129,293,2025-08-19,5.0,Promoter,5,InStore
5130,355,2025-01-01,4.6,Promoter,3,Email
5131,110,2025-12-08,3.3,Detractor,3,Email
5132,137,2025-03-11,4.7,Promoter,5,InStore
5133,439,2025-04-14,3.3,Promoter,1,InStore
5134,225,2025-08-25,4.8,Passive,4,InStore
5135,391,2025-09-25,3.8,Promoter,4,SMS
5136,211,2025-09-05,3.3,Promoter,1,Email
5137,141,2025-08-13,5.0,Promoter,5,InStore
5138,300,2025-10-23,3.9,Promoter,1,InStore
5139,374,2025-06-30,4.0,Promoter,5,Email
5140,427,2025-12-24,4.9,Passive,2,InStore
5141,259,2025-07-15,3.2,Promoter,2,SMS
5142,259,2025-10-24,3.1,Promoter,2,InStore
5143,272,2025-03-23,3.5,Promoter,2,Email
5144,401,2025-06-28,3.7,Promoter,1,SMS
5145,294,2025-08-22,5.0,Promoter,3,SMS
5146,346,2025-08-04,4.4,Promoter,1,InStore
5147,338,2025-08-11,3.6,Promoter,4,SMS
5148,306,2025-06-08,4.1,Promoter,3,Email
5149,315,2025-12-20,3.8,Promoter,2,Email
5150,232,2025-06-30,3.1,Promoter,3,SMS
5151,213,2025-07-17,3.4,Promoter,4,SMS
5152,390,2025-08-14,4.2,Detractor,4,Email
5153,157,2025-12-23,4.3,Promoter,5,SMS
5154,215,2025-10-31,3.4,Passive,3,SMS
5155,105,2025-09-28,3.7,Promoter,2,Email
5156,337,2025-05-01,4.3,Promoter,4,Email
5157,261,2025-10-14,3.6,Promoter,5,InStore
5158,272,2025-07-31,3.8,Detractor,5,InStore
5159,323,2025-05-15,3.6,Promoter,2,SMS
5160,214,2025-06-06,4.4,Passive,3,InStore
5161,163,2025-05-06,4.1,Passive,4,InStore
5162,225,2025-04-26,3.6,Promoter,3,InStore
5163,239,2025-12-13,3.5,Promoter,4,InStore
5164,388,2025-06-18,3.3,Promoter,2,InStore
5165,316,2025-04-22,4.2,Promoter,2,InStore
5166,443,2025-10-26,4.3,Detractor,5,SMS
5167,152,2025-10-20,3.3,Detractor,2,SMS
5168,167,2025-09-03,4.4,Promoter,1,Email
5169,346,2025-06-28,3.6,Detractor,3,Email
5170,247,2025-10-27,3.7,Promoter,4,Email
5171,165,2025-05-23,3.5,Promoter,1,InStore
5172,322,2025-11-09,3.8,Promoter,3,Email
5173,391,2025-07-02,4.6,Promoter,1,Email
5174,170,2025-06-20,3.4,Detractor,1,SMS
5175,283,2025-06-19,4.4,Promoter,5,InStore
5176,273,2025-08-09,4.9,Promoter,4,Email
5177,394,2025-12-28,3.4,Promoter,5,SMS
5178,383,2025-07-23,3.4,Passive,3,SMS
5179,214,2025-10-09,3.1,Detractor,1,SMS
5180,125,2025-07-28,3.6,Promoter,2,Email
5181,444,2025-06-08,3.1,Promoter,2,SMS
5182,250,2025-02-25,3.5,Promoter,2,Email
5183,255,2025-08-01,4.3,Passive,2,InStore
5184,446,2025-01-15,4.6,Promoter,4,Email
5185,383,2025-10-19,4.4,Detractor,3,SMS
5186,296,2025-12-01,4.9,Promoter,5,Email
5187,432,2025-08-27,3.9,Promoter,4,SMS
5188,197,2025-01-30,3.6,Passive,1,Email
5189,217,2025-01-25,4.6,Passive,5,Email
5190,183,2025-07-20,4.2,Promoter,5,SMS
5191,193,2025-03-23,4.5,Passive,4,Email
5192,203,2025-04-30,4.0,Promoter,2,Email
5193,170,2025-02-25,3.3,Promoter,1,Email
5194,205,2025-05-10,3.5,Promoter,1,SMS
5195,340,2025-12-10,3.1,Passive,4,SMS
5196,334,2025-08-07,4.9,Promoter,3,Email
5197,345,2025-06-11,4.2,Passive,5,Email
5198,130,2025-01-29,3.6,Promoter,2,Email
5199,189,2025-05-13,4.5,Promoter,2,SMS
5200,188,2025-03-09,3.1,Promoter,2,Email
